timestamp,time_s,position_m,velocity_m_s,temperature_c,sensor
2026-01-01T00:00:00Z,0.0,-0.110,-0.219,20.85,A
2026-01-01T00:00:00Z,0.5,0.401,1.021,21.76,B
2026-01-01T00:00:01Z,1.0,1.262,1.722,23.46,C
2026-01-01T00:00:01Z,1.5,1.401,0.278,20.80,A
2026-01-01T00:00:02Z,2.0,1.804,0.806,21.55,B
2026-01-01T00:00:02Z,2.5,2.861,2.114,23.46,C
2026-01-01T00:00:03Z,3.0,3.127,0.532,20.03,A
2026-01-01T00:00:03Z,3.5,3.730,1.205,22.25,B
2026-01-01T00:00:04Z,4.0,4.698,1.937,23.98,C
2026-01-01T00:00:04Z,4.5,5.100,0.803,20.07,A
2026-01-01T00:00:05Z,5.0,5.670,1.140,22.09,B
2026-01-01T00:00:05Z,5.5,6.945,2.550,23.43,C
2026-01-01T00:00:06Z,6.0,7.234,0.579,20.48,A
2026-01-01T00:00:06Z,6.5,7.899,1.329,21.78,B
2026-01-01T00:00:07Z,7.0,9.117,2.437,23.56,C
2026-01-01T00:00:07Z,7.5,9.505,0.776,20.30,A
2026-01-01T00:00:08Z,8.0,10.320,1.630,22.03,B
2026-01-01T00:00:08Z,8.5,11.587,2.534,23.10,C
2026-01-01T00:00:09Z,9.0,12.250,1.325,20.64,A
2026-01-01T00:00:09Z,9.5,13.285,2.070,21.77,B
2026-01-01T00:00:10Z,10.0,14.856,3.142,23.95,C
2026-01-01T00:00:10Z,10.5,15.397,1.081,20.43,A
2026-01-01T00:00:11Z,11.0,16.548,2.304,22.31,B
2026-01-01T00:00:11Z,11.5,18.196,3.294,23.53,C
2026-01-01T00:00:12Z,12.0,19.042,1.692,20.78,A
2026-01-01T00:00:12Z,12.5,20.161,2.238,22.20,B
2026-01-01T00:00:13Z,13.0,21.885,3.447,23.97,C
2026-01-01T00:00:13Z,13.5,22.726,1.683,20.71,A
2026-01-01T00:00:14Z,14.0,23.857,2.262,21.87,B
2026-01-01T00:00:14Z,14.5,25.647,3.581,23.55,C
2026-01-01T00:00:15Z,15.0,26.481,1.668,20.69,A
2026-01-01T00:00:15Z,15.5,27.905,2.847,22.32,B
2026-01-01T00:00:16Z,16.0,29.661,3.512,23.59,C
2026-01-01T00:00:16Z,16.5,30.687,2.053,20.93,A
2026-01-01T00:00:17Z,17.0,32.148,2.922,22.05,B
2026-01-01T00:00:17Z,17.5,34.030,3.764,23.19,C
2026-01-01T00:00:18Z,18.0,35.008,1.957,20.87,A
2026-01-01T00:00:18Z,18.5,36.699,3.382,22.26,B
2026-01-01T00:00:19Z,19.0,38.644,3.889,23.34,C
2026-01-01T00:00:19Z,19.5,39.851,2.415,21.16,A
2026-01-01T00:00:20Z,20.0,41.569,3.436,22.22,B
2026-01-01T00:00:20Z,20.5,43.745,4.351,23.42,C
2026-01-01T00:00:21Z,21.0,45.046,2.603,21.14,A
2026-01-01T00:00:21Z,21.5,46.797,3.502,22.16,B
2026-01-01T00:00:22Z,22.0,48.886,4.177,23.75,C
2026-01-01T00:00:22Z,22.5,50.411,3.050,20.21,A
2026-01-01T00:00:23Z,23.0,52.314,3.806,22.53,B
2026-01-01T00:00:23Z,23.5,54.677,4.727,23.96,C
2026-01-01T00:00:24Z,24.0,56.248,3.141,20.74,A
2026-01-01T00:00:24Z,24.5,58.173,3.852,22.15,B
2026-01-01T00:00:25Z,25.0,60.377,4.408,24.10,C
2026-01-01T00:00:25Z,25.5,61.965,3.176,20.43,A
2026-01-01T00:00:26Z,26.0,63.963,3.996,22.22,B
2026-01-01T00:00:26Z,26.5,66.346,4.766,23.59,C
2026-01-01T00:00:27Z,27.0,68.014,3.334,20.87,A
2026-01-01T00:00:27Z,27.5,70.132,4.238,22.21,B
2026-01-01T00:00:28Z,28.0,72.505,4.746,23.49,C
2026-01-01T00:00:28Z,28.5,74.152,3.294,20.85,A
2026-01-01T00:00:29Z,29.0,76.434,4.563,22.56,B
2026-01-01T00:00:29Z,29.5,79.125,5.383,24.09,C
2026-01-01T00:00:30Z,30.0,80.883,3.516,21.12,A
2026-01-01T00:00:30Z,30.5,83.195,4.625,21.86,B
2026-01-01T00:00:31Z,31.0,85.740,5.089,23.30,C
2026-01-01T00:00:31Z,31.5,87.735,3.990,20.54,A
2026-01-01T00:00:32Z,32.0,89.965,4.460,22.42,B
2026-01-01T00:00:32Z,32.5,92.694,5.458,23.37,C
2026-01-01T00:00:33Z,33.0,94.596,3.805,20.83,A
2026-01-01T00:00:33Z,33.5,96.930,4.667,22.08,B
2026-01-01T00:00:34Z,34.0,99.855,5.850,23.77,C
2026-01-01T00:00:34Z,34.5,101.891,4.073,20.79,A
2026-01-01T00:00:35Z,35.0,104.267,4.751,22.21,B
2026-01-01T00:00:35Z,35.5,107.190,5.846,23.51,C
2026-01-01T00:00:36Z,36.0,109.247,4.115,21.23,A
2026-01-01T00:00:36Z,36.5,111.853,5.212,22.04,B
2026-01-01T00:00:37Z,37.0,114.916,6.125,24.16,C
2026-01-01T00:00:37Z,37.5,117.031,4.230,20.36,A
2026-01-01T00:00:38Z,38.0,119.612,5.161,22.57,B
2026-01-01T00:00:38Z,38.5,122.624,6.025,24.06,C
2026-01-01T00:00:39Z,39.0,125.020,4.791,20.90,A
2026-01-01T00:00:39Z,39.5,127.705,5.372,22.84,B
2026-01-01T00:00:40Z,40.0,130.992,6.573,23.88,C
2026-01-01T00:00:40Z,40.5,133.333,4.683,21.02,A
2026-01-01T00:00:41Z,41.0,136.154,5.641,22.45,B
2026-01-01T00:00:41Z,41.5,139.379,6.451,24.01,C
2026-01-01T00:00:42Z,42.0,141.753,4.747,20.68,A
2026-01-01T00:00:42Z,42.5,144.826,6.147,22.76,B
2026-01-01T00:00:43Z,43.0,148.128,6.604,24.25,C
2026-01-01T00:00:43Z,43.5,150.658,5.060,21.34,A
2026-01-01T00:00:44Z,44.0,153.744,6.173,22.32,B
2026-01-01T00:00:44Z,44.5,157.110,6.731,23.42,C
2026-01-01T00:00:45Z,45.0,159.890,5.560,20.45,A
2026-01-01T00:00:45Z,45.5,163.079,6.377,22.88,B
2026-01-01T00:00:46Z,46.0,166.619,7.081,23.59,C
2026-01-01T00:00:46Z,46.5,169.475,5.711,21.40,A
2026-01-01T00:00:47Z,47.0,172.708,6.465,22.44,B
2026-01-01T00:00:47Z,47.5,176.268,7.122,23.78,C
2026-01-01T00:00:48Z,48.0,179.003,5.470,21.11,A
2026-01-01T00:00:48Z,48.5,182.232,6.458,22.14,B
2026-01-01T00:00:49Z,49.0,185.788,7.112,24.11,C
2026-01-01T00:00:49Z,49.5,188.627,5.678,20.95,A
2026-01-01T00:00:50Z,50.0,191.900,6.546,22.83,B
2026-01-01T00:00:50Z,50.5,195.771,7.741,23.48,C
2026-01-01T00:00:51Z,51.0,198.657,5.772,20.79,A
2026-01-01T00:00:51Z,51.5,202.204,7.094,22.75,B
2026-01-01T00:00:52Z,52.0,205.982,7.555,23.69,C
2026-01-01T00:00:52Z,52.5,209.085,6.206,21.32,A
2026-01-01T00:00:53Z,53.0,212.690,7.210,22.33,B
2026-01-01T00:00:53Z,53.5,216.705,8.029,24.18,C
2026-01-01T00:00:54Z,54.0,219.824,6.240,21.48,A
2026-01-01T00:00:54Z,54.5,223.294,6.938,22.72,B
2026-01-01T00:00:55Z,55.0,227.142,7.697,23.67,C
2026-01-01T00:00:55Z,55.5,230.463,6.641,20.72,A
2026-01-01T00:00:56Z,56.0,234.161,7.398,22.61,B
2026-01-01T00:00:56Z,56.5,238.309,8.295,23.88,C
2026-01-01T00:00:57Z,57.0,241.529,6.441,20.81,A
2026-01-01T00:00:57Z,57.5,245.332,7.605,22.63,B
2026-01-01T00:00:58Z,58.0,249.584,8.504,24.42,C
2026-01-01T00:00:58Z,58.5,252.813,6.459,21.08,A
2026-01-01T00:00:59Z,59.0,256.457,7.287,22.08,B
2026-01-01T00:00:59Z,59.5,260.514,8.114,24.41,C
2026-01-01T00:01:00Z,60.0,264.009,6.989,21.38,A
2026-01-01T00:01:00Z,60.5,267.792,7.567,22.67,B
2026-01-01T00:01:01Z,61.0,272.130,8.676,23.93,C
2026-01-01T00:01:01Z,61.5,275.628,6.995,20.78,A
2026-01-01T00:01:02Z,62.0,279.401,7.546,22.33,B
2026-01-01T00:01:02Z,62.5,283.839,8.876,24.13,C
2026-01-01T00:01:03Z,63.0,287.509,7.341,21.03,A
2026-01-01T00:01:03Z,63.5,291.407,7.796,22.87,B
2026-01-01T00:01:04Z,64.0,295.892,8.970,23.60,C
2026-01-01T00:01:04Z,64.5,299.552,7.319,20.68,A
2026-01-01T00:01:05Z,65.0,303.467,7.829,22.98,B
2026-01-01T00:01:05Z,65.5,307.780,8.627,23.84,C
2026-01-01T00:01:06Z,66.0,311.599,7.638,21.02,A
2026-01-01T00:01:06Z,66.5,315.578,7.957,22.27,B
2026-01-01T00:01:07Z,67.0,320.015,8.875,24.35,C
2026-01-01T00:01:07Z,67.5,323.632,7.233,21.53,A
2026-01-01T00:01:08Z,68.0,327.752,8.240,23.09,B
2026-01-01T00:01:08Z,68.5,332.451,9.399,23.92,C
2026-01-01T00:01:09Z,69.0,336.175,7.447,21.11,A
2026-01-01T00:01:09Z,69.5,340.272,8.195,22.79,B
2026-01-01T00:01:10Z,70.0,344.772,8.999,23.65,C
2026-01-01T00:01:10Z,70.5,348.774,8.005,20.94,A
2026-01-01T00:01:11Z,71.0,353.081,8.613,22.60,B
2026-01-01T00:01:11Z,71.5,357.722,9.282,23.71,C
2026-01-01T00:01:12Z,72.0,361.763,8.081,21.63,A
2026-01-01T00:01:12Z,72.5,366.239,8.954,22.27,B
2026-01-01T00:01:13Z,73.0,370.909,9.339,24.28,C
2026-01-01T00:01:13Z,73.5,375.027,8.236,21.21,A
2026-01-01T00:01:14Z,74.0,379.477,8.899,22.84,B
2026-01-01T00:01:14Z,74.5,384.217,9.479,24.22,C
2026-01-01T00:01:15Z,75.0,388.189,7.945,20.93,A
2026-01-01T00:01:15Z,75.5,392.512,8.646,22.47,B
2026-01-01T00:01:16Z,76.0,397.524,10.024,24.14,C
2026-01-01T00:01:16Z,76.5,401.655,8.262,21.34,A
2026-01-01T00:01:17Z,77.0,406.291,9.271,22.59,B
2026-01-01T00:01:17Z,77.5,411.154,9.726,24.03,C
2026-01-01T00:01:18Z,78.0,415.237,8.167,21.56,A
2026-01-01T00:01:18Z,78.5,419.911,9.348,22.52,B
2026-01-01T00:01:19Z,79.0,424.835,9.847,24.26,C
2026-01-01T00:01:19Z,79.5,429.049,8.428,21.32,A
2026-01-01T00:01:20Z,80.0,433.580,9.062,22.25,B
2026-01-01T00:01:20Z,80.5,438.527,9.895,23.80,C
2026-01-01T00:01:21Z,81.0,442.783,8.512,20.81,A
2026-01-01T00:01:21Z,81.5,447.313,9.060,22.88,B
2026-01-01T00:01:22Z,82.0,452.324,10.022,24.54,C
2026-01-01T00:01:22Z,82.5,456.611,8.575,21.61,A
2026-01-01T00:01:23Z,83.0,461.213,9.204,22.76,B
2026-01-01T00:01:23Z,83.5,466.423,10.420,23.84,C
2026-01-01T00:01:24Z,84.0,470.895,8.944,20.94,A
2026-01-01T00:01:24Z,84.5,475.731,9.671,23.25,B
2026-01-01T00:01:25Z,85.0,480.995,10.529,24.09,C
2026-01-01T00:01:25Z,85.5,485.260,8.530,21.29,A
2026-01-01T00:01:26Z,86.0,490.184,9.848,22.57,B
2026-01-01T00:01:26Z,86.5,495.515,10.662,23.93,C
2026-01-01T00:01:27Z,87.0,500.065,9.101,20.82,A
2026-01-01T00:01:27Z,87.5,504.852,9.573,23.20,B
2026-01-01T00:01:28Z,88.0,510.199,10.694,24.71,C
2026-01-01T00:01:28Z,88.5,514.771,9.145,21.55,A
2026-01-01T00:01:29Z,89.0,519.712,9.882,22.49,B
2026-01-01T00:01:29Z,89.5,524.990,10.555,23.97,C
2026-01-01T00:01:30Z,90.0,529.565,9.152,21.48,A
2026-01-01T00:01:30Z,90.5,534.416,9.701,22.38,B
2026-01-01T00:01:31Z,91.0,539.893,10.954,24.63,C
2026-01-01T00:01:31Z,91.5,544.459,9.131,21.37,A
2026-01-01T00:01:32Z,92.0,549.528,10.138,22.79,B
2026-01-01T00:01:32Z,92.5,554.873,10.690,24.18,C
2026-01-01T00:01:33Z,93.0,559.389,9.033,20.87,A
2026-01-01T00:01:33Z,93.5,564.435,10.090,22.76,B
2026-01-01T00:01:34Z,94.0,569.869,10.869,23.91,C
2026-01-01T00:01:34Z,94.5,574.451,9.164,20.99,A
2026-01-01T00:01:35Z,95.0,579.376,9.849,22.62,B
2026-01-01T00:01:35Z,95.5,584.923,11.095,24.26,C
2026-01-01T00:01:36Z,96.0,589.554,9.261,21.48,A
2026-01-01T00:01:36Z,96.5,594.545,9.983,22.38,B
2026-01-01T00:01:37Z,97.0,600.037,10.982,24.38,C
2026-01-01T00:01:37Z,97.5,604.775,9.476,21.32,A
2026-01-01T00:01:38Z,98.0,609.934,10.320,23.12,B
2026-01-01T00:01:38Z,98.5,615.371,10.872,24.39,C
2026-01-01T00:01:39Z,99.0,620.089,9.437,21.12,A
2026-01-01T00:01:39Z,99.5,625.198,10.217,22.96,B
2026-01-01T00:01:40Z,100.0,630.865,11.334,24.82,C
2026-01-01T00:01:40Z,100.5,635.552,9.375,21.56,A
2026-01-01T00:01:41Z,101.0,640.581,10.057,22.48,B
2026-01-01T00:01:41Z,101.5,646.158,11.154,24.80,C
2026-01-01T00:01:42Z,102.0,650.839,9.361,21.69,A
2026-01-01T00:01:42Z,102.5,656.145,10.614,22.74,B
2026-01-01T00:01:43Z,103.0,661.804,11.317,24.78,C
2026-01-01T00:01:43Z,103.5,666.575,9.542,21.64,A
2026-01-01T00:01:44Z,104.0,671.863,10.577,23.03,B
2026-01-01T00:01:44Z,104.5,677.596,11.466,24.84,C
2026-01-01T00:01:45Z,105.0,682.568,9.944,21.52,A
2026-01-01T00:01:45Z,105.5,687.713,10.290,22.70,B
2026-01-01T00:01:46Z,106.0,693.278,11.130,24.53,C
2026-01-01T00:01:46Z,106.5,698.213,9.869,21.01,A
2026-01-01T00:01:47Z,107.0,703.532,10.638,23.18,B
2026-01-01T00:01:47Z,107.5,709.158,11.252,24.49,C
2026-01-01T00:01:48Z,108.0,713.936,9.556,21.70,A
2026-01-01T00:01:48Z,108.5,719.084,10.295,23.46,B
2026-01-01T00:01:49Z,109.0,724.868,11.569,24.61,C
2026-01-01T00:01:49Z,109.5,729.696,9.657,21.90,A
2026-01-01T00:01:50Z,110.0,735.139,10.885,22.63,B
2026-01-01T00:01:50Z,110.5,740.932,11.586,24.84,C
2026-01-01T00:01:51Z,111.0,745.896,9.928,21.70,A
2026-01-01T00:01:51Z,111.5,751.201,10.611,23.43,B
2026-01-01T00:01:52Z,112.0,757.070,11.737,24.39,C
2026-01-01T00:01:52Z,112.5,762.093,10.047,21.45,A
2026-01-01T00:01:53Z,113.0,767.330,10.474,22.84,B
2026-01-01T00:01:53Z,113.5,772.960,11.260,24.93,C
2026-01-01T00:01:54Z,114.0,778.045,10.170,21.15,A
2026-01-01T00:01:54Z,114.5,783.427,10.763,22.94,B
2026-01-01T00:01:55Z,115.0,789.068,11.282,24.33,C
2026-01-01T00:01:55Z,115.5,793.952,9.768,21.79,A
2026-01-01T00:01:56Z,116.0,799.167,10.430,22.73,B
2026-01-01T00:01:56Z,116.5,804.916,11.498,24.07,C
2026-01-01T00:01:57Z,117.0,809.925,10.018,21.66,A
2026-01-01T00:01:57Z,117.5,815.399,10.949,22.76,B
2026-01-01T00:01:58Z,118.0,821.112,11.425,24.60,C
2026-01-01T00:01:58Z,118.5,826.024,9.824,21.65,A
2026-01-01T00:01:59Z,119.0,831.332,10.616,23.25,B
2026-01-01T00:01:59Z,119.5,837.204,11.745,24.88,C
2026-01-01T00:02:00Z,120.0,842.334,10.259,21.62,A
2026-01-01T00:02:00Z,120.5,847.721,10.774,23.44,B
2026-01-01T00:02:01Z,121.0,853.593,11.744,24.66,C
2026-01-01T00:02:01Z,121.5,858.551,9.916,21.38,A
2026-01-01T00:02:02Z,122.0,863.828,10.554,23.40,B
2026-01-01T00:02:02Z,122.5,869.510,11.363,24.85,C
2026-01-01T00:02:03Z,123.0,874.520,10.022,22.07,A
2026-01-01T00:02:03Z,123.5,879.997,10.953,23.58,B
2026-01-01T00:02:04Z,124.0,885.687,11.380,24.61,C
2026-01-01T00:02:04Z,124.5,890.708,10.042,21.43,A
2026-01-01T00:02:05Z,125.0,896.109,10.801,22.98,B
2026-01-01T00:02:05Z,125.5,901.917,11.617,24.13,C
2026-01-01T00:02:06Z,126.0,906.900,9.965,21.58,A
2026-01-01T00:02:06Z,126.5,912.241,10.682,23.03,B
2026-01-01T00:02:07Z,127.0,918.125,11.768,24.82,C
2026-01-01T00:02:07Z,127.5,923.122,9.993,21.79,A
2026-01-01T00:02:08Z,128.0,928.483,10.722,22.85,B
2026-01-01T00:02:08Z,128.5,934.131,11.296,24.43,C
2026-01-01T00:02:09Z,129.0,939.156,10.050,22.04,A
2026-01-01T00:02:09Z,129.5,944.649,10.986,23.17,B
2026-01-01T00:02:10Z,130.0,950.588,11.878,24.63,C
2026-01-01T00:02:10Z,130.5,955.679,10.182,21.58,A
2026-01-01T00:02:11Z,131.0,961.141,10.925,23.66,B
2026-01-01T00:02:11Z,131.5,966.870,11.457,24.35,C
2026-01-01T00:02:12Z,132.0,971.890,10.041,21.71,A
2026-01-01T00:02:12Z,132.5,977.230,10.679,22.69,B
2026-01-01T00:02:13Z,133.0,982.975,11.491,24.62,C
2026-01-01T00:02:13Z,133.5,987.923,9.895,22.06,A
2026-01-01T00:02:14Z,134.0,993.321,10.796,23.43,B
2026-01-01T00:02:14Z,134.5,999.210,11.778,24.95,C
2026-01-01T00:02:15Z,135.0,1004.174,9.928,21.95,A
2026-01-01T00:02:15Z,135.5,1009.578,10.809,23.36,B
2026-01-01T00:02:16Z,136.0,1015.375,11.594,24.62,C
2026-01-01T00:02:16Z,136.5,1020.368,9.986,21.85,A
2026-01-01T00:02:17Z,137.0,1025.849,10.962,23.51,B
2026-01-01T00:02:17Z,137.5,1031.699,11.699,25.00,C
2026-01-01T00:02:18Z,138.0,1036.734,10.071,21.84,A
2026-01-01T00:02:18Z,138.5,1042.025,10.581,23.00,B
2026-01-01T00:02:19Z,139.0,1047.818,11.586,25.12,C
2026-01-01T00:02:19Z,139.5,1052.756,9.877,21.40,A
2026-01-01T00:02:20Z,140.0,1058.176,10.840,23.23,B
2026-01-01T00:02:20Z,140.5,1063.881,11.409,24.30,C
2026-01-01T00:02:21Z,141.0,1068.792,9.823,22.00,A
2026-01-01T00:02:21Z,141.5,1074.071,10.558,23.12,B
2026-01-01T00:02:22Z,142.0,1079.814,11.486,24.29,C
2026-01-01T00:02:22Z,142.5,1084.706,9.784,22.22,A
2026-01-01T00:02:23Z,143.0,1090.046,10.680,23.18,B
2026-01-01T00:02:23Z,143.5,1095.779,11.466,24.88,C
2026-01-01T00:02:24Z,144.0,1100.561,9.564,21.49,A
2026-01-01T00:02:24Z,144.5,1105.939,10.756,23.06,B
2026-01-01T00:02:25Z,145.0,1111.466,11.054,25.12,C
2026-01-01T00:02:25Z,145.5,1116.320,9.708,21.66,A
2026-01-01T00:02:26Z,146.0,1121.563,10.486,23.54,B
2026-01-01T00:02:26Z,146.5,1127.095,11.064,24.96,C
2026-01-01T00:02:27Z,147.0,1131.982,9.775,22.12,A
2026-01-01T00:02:27Z,147.5,1137.128,10.292,23.42,B
2026-01-01T00:02:28Z,148.0,1142.654,11.052,24.88,C
2026-01-01T00:02:28Z,148.5,1147.353,9.399,22.11,A
2026-01-01T00:02:29Z,149.0,1152.652,10.598,23.16,B
2026-01-01T00:02:29Z,149.5,1158.149,10.993,25.29,C
2026-01-01T00:02:30Z,150.0,1162.981,9.665,22.18,A
2026-01-01T00:02:30Z,150.5,1168.001,10.040,23.74,B
2026-01-01T00:02:31Z,151.0,1173.589,11.176,24.66,C
2026-01-01T00:02:31Z,151.5,1178.310,9.442,22.11,A
2026-01-01T00:02:32Z,152.0,1183.527,10.434,23.04,B
2026-01-01T00:02:32Z,152.5,1189.086,11.118,24.52,C
2026-01-01T00:02:33Z,153.0,1193.939,9.706,21.80,A
2026-01-01T00:02:33Z,153.5,1199.164,10.449,23.59,B
2026-01-01T00:02:34Z,154.0,1204.685,11.043,24.63,C
2026-01-01T00:02:34Z,154.5,1209.372,9.373,21.51,A
2026-01-01T00:02:35Z,155.0,1214.331,9.918,23.59,B
2026-01-01T00:02:35Z,155.5,1219.745,10.829,25.13,C
2026-01-01T00:02:36Z,156.0,1224.312,9.134,22.10,A
2026-01-01T00:02:36Z,156.5,1229.411,10.197,23.19,B
2026-01-01T00:02:37Z,157.0,1234.714,10.606,24.79,C
2026-01-01T00:02:37Z,157.5,1239.321,9.214,21.50,A
2026-01-01T00:02:38Z,158.0,1244.224,9.806,22.96,B
2026-01-01T00:02:38Z,158.5,1249.638,10.828,25.29,C
2026-01-01T00:02:39Z,159.0,1254.125,8.974,21.44,A
2026-01-01T00:02:39Z,159.5,1259.146,10.041,23.73,B
2026-01-01T00:02:40Z,160.0,1264.632,10.971,25.03,C
2026-01-01T00:02:40Z,160.5,1269.118,8.972,22.26,A
2026-01-01T00:02:41Z,161.0,1273.923,9.611,23.62,B
2026-01-01T00:02:41Z,161.5,1279.109,10.370,24.83,C
2026-01-01T00:02:42Z,162.0,1283.600,8.983,21.81,A
2026-01-01T00:02:42Z,162.5,1288.380,9.560,23.17,B
2026-01-01T00:02:43Z,163.0,1293.741,10.723,24.90,C
2026-01-01T00:02:43Z,163.5,1298.216,8.950,21.66,A
2026-01-01T00:02:44Z,164.0,1303.118,9.803,23.28,B
2026-01-01T00:02:44Z,164.5,1308.368,10.501,25.36,C
2026-01-01T00:02:45Z,165.0,1312.924,9.112,21.50,A
2026-01-01T00:02:45Z,165.5,1317.806,9.764,23.82,B
2026-01-01T00:02:46Z,166.0,1322.930,10.247,24.85,C
2026-01-01T00:02:46Z,166.5,1327.316,8.773,22.39,A
2026-01-01T00:02:47Z,167.0,1332.034,9.434,23.85,B
2026-01-01T00:02:47Z,167.5,1337.243,10.419,24.63,C
2026-01-01T00:02:48Z,168.0,1341.683,8.880,21.50,A
2026-01-01T00:02:48Z,168.5,1346.277,9.187,23.65,B
2026-01-01T00:02:49Z,169.0,1351.228,9.903,24.87,C
2026-01-01T00:02:49Z,169.5,1355.385,8.314,21.96,A
2026-01-01T00:02:50Z,170.0,1360.139,9.507,23.90,B
2026-01-01T00:02:50Z,170.5,1365.034,9.791,24.56,C
2026-01-01T00:02:51Z,171.0,1369.355,8.641,21.55,A
2026-01-01T00:02:51Z,171.5,1373.889,9.067,23.13,B
2026-01-01T00:02:52Z,172.0,1378.750,9.724,24.54,C
2026-01-01T00:02:52Z,172.5,1382.959,8.417,22.26,A
2026-01-01T00:02:53Z,173.0,1387.565,9.212,23.87,B
2026-01-01T00:02:53Z,173.5,1392.546,9.963,24.92,C
2026-01-01T00:02:54Z,174.0,1396.700,8.308,22.50,A
2026-01-01T00:02:54Z,174.5,1401.240,9.079,23.28,B
2026-01-01T00:02:55Z,175.0,1405.987,9.494,25.47,C
2026-01-01T00:02:55Z,175.5,1410.075,8.176,21.89,A
2026-01-01T00:02:56Z,176.0,1414.549,8.948,23.61,B
2026-01-01T00:02:56Z,176.5,1419.380,9.661,24.61,C
2026-01-01T00:02:57Z,177.0,1423.341,7.923,21.97,A
2026-01-01T00:02:57Z,177.5,1427.637,8.593,23.94,B
2026-01-01T00:02:58Z,178.0,1432.382,9.490,25.23,C
2026-01-01T00:02:58Z,178.5,1436.395,8.025,22.31,A
2026-01-01T00:02:59Z,179.0,1440.790,8.791,23.82,B
2026-01-01T00:02:59Z,179.5,1445.426,9.271,25.55,C
2026-01-01T00:03:00Z,180.0,1449.212,7.571,22.50,A
2026-01-01T00:03:00Z,180.5,1453.589,8.754,23.94,B
2026-01-01T00:03:01Z,181.0,1458.105,9.033,24.68,C
2026-01-01T00:03:01Z,181.5,1462.030,7.849,22.06,A
2026-01-01T00:03:02Z,182.0,1466.202,8.343,24.08,B
2026-01-01T00:03:02Z,182.5,1470.654,8.905,25.13,C
2026-01-01T00:03:03Z,183.0,1474.407,7.506,21.73,A
2026-01-01T00:03:03Z,183.5,1478.525,8.236,23.81,B
2026-01-01T00:03:04Z,184.0,1483.168,9.286,24.64,C
2026-01-01T00:03:04Z,184.5,1486.883,7.430,21.71,A
2026-01-01T00:03:05Z,185.0,1491.060,8.353,23.20,B
2026-01-01T00:03:05Z,185.5,1495.385,8.651,25.01,C
2026-01-01T00:03:06Z,186.0,1499.099,7.428,21.94,A
2026-01-01T00:03:06Z,186.5,1503.011,7.823,23.93,B
2026-01-01T00:03:07Z,187.0,1507.504,8.986,25.49,C
2026-01-01T00:03:07Z,187.5,1511.024,7.041,22.06,A
2026-01-01T00:03:08Z,188.0,1514.905,7.762,23.70,B
2026-01-01T00:03:08Z,188.5,1519.190,8.569,24.99,C
2026-01-01T00:03:09Z,189.0,1522.788,7.197,22.61,A
2026-01-01T00:03:09Z,189.5,1526.704,7.832,23.26,B
2026-01-01T00:03:10Z,190.0,1531.018,8.628,25.11,C
2026-01-01T00:03:10Z,190.5,1534.610,7.185,22.38,A
2026-01-01T00:03:11Z,191.0,1538.534,7.847,23.87,B
2026-01-01T00:03:11Z,191.5,1542.745,8.422,25.57,C
2026-01-01T00:03:12Z,192.0,1546.222,6.954,21.97,A
2026-01-01T00:03:12Z,192.5,1549.873,7.303,23.55,B
2026-01-01T00:03:13Z,193.0,1554.010,8.275,24.78,C
2026-01-01T00:03:13Z,193.5,1557.272,6.522,22.26,A
2026-01-01T00:03:14Z,194.0,1560.819,7.094,24.01,B
2026-01-01T00:03:14Z,194.5,1564.925,8.212,25.01,C
2026-01-01T00:03:15Z,195.0,1568.101,6.352,22.05,A
2026-01-01T00:03:15Z,195.5,1571.661,7.121,23.95,B
2026-01-01T00:03:16Z,196.0,1575.650,7.978,25.23,C
2026-01-01T00:03:16Z,196.5,1578.710,6.119,22.62,A
2026-01-01T00:03:17Z,197.0,1582.198,6.976,23.54,B
2026-01-01T00:03:17Z,197.5,1585.984,7.573,25.70,C
2026-01-01T00:03:18Z,198.0,1589.070,6.171,22.63,A
2026-01-01T00:03:18Z,198.5,1592.665,7.190,24.19,B
2026-01-01T00:03:19Z,199.0,1596.602,7.874,25.65,C
2026-01-01T00:03:19Z,199.5,1599.746,6.288,22.53,A
2026-01-01T00:03:20Z,200.0,1603.029,6.565,23.76,B
2026-01-01T00:03:20Z,200.5,1606.819,7.580,25.73,C
2026-01-01T00:03:21Z,201.0,1609.846,6.054,22.45,A
2026-01-01T00:03:21Z,201.5,1613.237,6.781,23.61,B
2026-01-01T00:03:22Z,202.0,1617.061,7.648,25.40,C
2026-01-01T00:03:22Z,202.5,1619.897,5.673,22.22,A
2026-01-01T00:03:23Z,203.0,1623.281,6.768,23.79,B
2026-01-01T00:03:23Z,203.5,1626.796,7.029,24.91,C
2026-01-01T00:03:24Z,204.0,1629.640,5.689,22.33,A
2026-01-01T00:03:24Z,204.5,1632.925,6.569,23.46,B
2026-01-01T00:03:25Z,205.0,1636.435,7.019,25.50,C
2026-01-01T00:03:25Z,205.5,1639.010,5.150,21.88,A
2026-01-01T00:03:26Z,206.0,1642.107,6.195,23.55,B
2026-01-01T00:03:26Z,206.5,1645.447,6.679,25.05,C
2026-01-01T00:03:27Z,207.0,1648.117,5.341,22.32,A
2026-01-01T00:03:27Z,207.5,1650.995,5.756,23.37,B
2026-01-01T00:03:28Z,208.0,1654.478,6.965,25.44,C
2026-01-01T00:03:28Z,208.5,1656.930,4.905,22.66,A
2026-01-01T00:03:29Z,209.0,1659.711,5.561,23.67,B
2026-01-01T00:03:29Z,209.5,1663.112,6.802,25.52,C
2026-01-01T00:03:30Z,210.0,1665.516,4.809,22.70,A
2026-01-01T00:03:30Z,210.5,1668.388,5.744,24.18,B
2026-01-01T00:03:31Z,211.0,1671.721,6.666,25.25,C
2026-01-01T00:03:31Z,211.5,1674.161,4.881,22.37,A
2026-01-01T00:03:32Z,212.0,1677.055,5.787,24.13,B
2026-01-01T00:03:32Z,212.5,1680.255,6.401,25.65,C
2026-01-01T00:03:33Z,213.0,1682.710,4.909,22.09,A
2026-01-01T00:03:33Z,213.5,1685.297,5.175,24.09,B
2026-01-01T00:03:34Z,214.0,1688.428,6.261,25.36,C
2026-01-01T00:03:34Z,214.5,1690.645,4.435,22.25,A
2026-01-01T00:03:35Z,215.0,1693.353,5.416,24.15,B
2026-01-01T00:03:35Z,215.5,1696.343,5.981,24.90,C
2026-01-01T00:03:36Z,216.0,1698.586,4.484,22.32,A
2026-01-01T00:03:36Z,216.5,1701.001,4.831,23.66,B
2026-01-01T00:03:37Z,217.0,1703.939,5.875,24.87,C
2026-01-01T00:03:37Z,217.5,1705.877,3.876,22.17,A
2026-01-01T00:03:38Z,218.0,1708.416,5.079,24.12,B
2026-01-01T00:03:38Z,218.5,1711.352,5.872,25.42,C
2026-01-01T00:03:39Z,219.0,1713.339,3.975,22.43,A
2026-01-01T00:03:39Z,219.5,1715.684,4.690,23.93,B
2026-01-01T00:03:40Z,220.0,1718.488,5.608,25.84,C
2026-01-01T00:03:40Z,220.5,1720.340,3.704,22.52,A
2026-01-01T00:03:41Z,221.0,1722.533,4.385,23.70,B
2026-01-01T00:03:41Z,221.5,1725.156,5.246,25.49,C
2026-01-01T00:03:42Z,222.0,1726.963,3.614,22.88,A
2026-01-01T00:03:42Z,222.5,1729.025,4.124,24.04,B
2026-01-01T00:03:43Z,223.0,1731.707,5.364,25.65,C
2026-01-01T00:03:43Z,223.5,1733.431,3.448,22.28,A
2026-01-01T00:03:44Z,224.0,1735.477,4.091,24.35,B
2026-01-01T00:03:44Z,224.5,1738.041,5.128,25.59,C
2026-01-01T00:03:45Z,225.0,1739.776,3.471,22.85,A
2026-01-01T00:03:45Z,225.5,1741.867,4.180,23.81,B
2026-01-01T00:03:46Z,226.0,1744.213,4.692,25.73,C
2026-01-01T00:03:46Z,226.5,1745.701,2.977,22.69,A
2026-01-01T00:03:47Z,227.0,1747.593,3.783,23.78,B
2026-01-01T00:03:47Z,227.5,1749.847,4.508,25.06,C
2026-01-01T00:03:48Z,228.0,1751.241,2.787,22.36,A
2026-01-01T00:03:48Z,228.5,1752.904,3.326,23.62,B
2026-01-01T00:03:49Z,229.0,1755.009,4.211,25.81,C
2026-01-01T00:03:49Z,229.5,1756.383,2.748,22.25,A
2026-01-01T00:03:50Z,230.0,1758.250,3.733,23.72,B
2026-01-01T00:03:50Z,230.5,1760.341,4.182,25.71,C
2026-01-01T00:03:51Z,231.0,1761.655,2.628,22.40,A
2026-01-01T00:03:51Z,231.5,1763.365,3.419,23.96,B
2026-01-01T00:03:52Z,232.0,1765.426,4.122,25.47,C
2026-01-01T00:03:52Z,232.5,1766.733,2.615,22.70,A
2026-01-01T00:03:53Z,233.0,1768.146,2.826,23.61,B
2026-01-01T00:03:53Z,233.5,1770.191,4.090,25.22,C
2026-01-01T00:03:54Z,234.0,1771.123,1.865,22.24,A
2026-01-01T00:03:54Z,234.5,1772.561,2.876,24.45,B
2026-01-01T00:03:55Z,235.0,1774.344,3.566,25.72,C
2026-01-01T00:03:55Z,235.5,1775.427,2.166,22.09,A
2026-01-01T00:03:56Z,236.0,1776.813,2.771,24.50,B
2026-01-01T00:03:56Z,236.5,1778.549,3.473,25.54,C
2026-01-01T00:03:57Z,237.0,1779.394,1.689,22.96,A
2026-01-01T00:03:57Z,237.5,1780.795,2.802,23.62,B
2026-01-01T00:03:58Z,238.0,1782.440,3.290,25.44,C
2026-01-01T00:03:58Z,238.5,1783.290,1.700,22.14,A
2026-01-01T00:03:59Z,239.0,1784.387,2.194,23.81,B
2026-01-01T00:03:59Z,239.5,1785.917,3.061,25.82,C
2026-01-01T00:04:00Z,240.0,1786.730,1.626,22.82,A
2026-01-01T00:04:00Z,240.5,1787.858,2.255,23.63,B
2026-01-01T00:04:01Z,241.0,1789.268,2.821,25.71,C
2026-01-01T00:04:01Z,241.5,1789.819,1.102,22.55,A
2026-01-01T00:04:02Z,242.0,1790.922,2.206,23.67,B
2026-01-01T00:04:02Z,242.5,1792.379,2.914,25.16,C
2026-01-01T00:04:03Z,243.0,1792.865,0.971,22.96,A
2026-01-01T00:04:03Z,243.5,1793.663,1.598,24.08,B
2026-01-01T00:04:04Z,244.0,1794.896,2.465,25.95,C
2026-01-01T00:04:04Z,244.5,1795.470,1.148,22.36,A
2026-01-01T00:04:05Z,245.0,1796.262,1.586,24.47,B
2026-01-01T00:04:05Z,245.5,1797.440,2.355,25.29,C
2026-01-01T00:04:06Z,246.0,1797.850,0.821,22.41,A
2026-01-01T00:04:06Z,246.5,1798.548,1.395,23.59,B
2026-01-01T00:04:07Z,247.0,1799.765,2.434,25.74,C
2026-01-01T00:04:07Z,247.5,1800.132,0.734,23.06,A
2026-01-01T00:04:08Z,248.0,1800.670,1.076,24.13,B
2026-01-01T00:04:08Z,248.5,1801.628,1.918,25.85,C
2026-01-01T00:04:09Z,249.0,1801.877,0.496,22.33,A
2026-01-01T00:04:09Z,249.5,1802.323,0.893,24.31,B
2026-01-01T00:04:10Z,250.0,1803.180,1.713,25.24,C
2026-01-01T00:04:10Z,250.5,1803.140,-0.079,22.67,A
2026-01-01T00:04:11Z,251.0,1803.590,0.900,24.57,B
2026-01-01T00:04:11Z,251.5,1804.389,1.598,25.72,C
2026-01-01T00:04:12Z,252.0,1804.242,-0.295,22.53,A
2026-01-01T00:04:12Z,252.5,1804.502,0.521,24.32,B
2026-01-01T00:04:13Z,253.0,1805.128,1.251,25.34,C
2026-01-01T00:04:13Z,253.5,1804.952,-0.351,22.60,A
2026-01-01T00:04:14Z,254.0,1805.137,0.369,24.24,B
2026-01-01T00:04:14Z,254.5,1805.643,1.012,26.02,C
2026-01-01T00:04:15Z,255.0,1805.472,-0.342,22.67,A
2026-01-01T00:04:15Z,255.5,1805.479,0.014,23.97,B
2026-01-01T00:04:16Z,256.0,1806.044,1.130,25.79,C
2026-01-01T00:04:16Z,256.5,1805.814,-0.459,23.04,A
2026-01-01T00:04:17Z,257.0,1805.805,-0.019,24.15,B
2026-01-01T00:04:17Z,257.5,1806.168,0.727,25.29,C
2026-01-01T00:04:18Z,258.0,1805.644,-1.049,22.42,A
2026-01-01T00:04:18Z,258.5,1805.472,-0.343,24.20,B
2026-01-01T00:04:19Z,259.0,1805.855,0.764,25.73,C
2026-01-01T00:04:19Z,259.5,1805.400,-0.909,22.40,A
2026-01-01T00:04:20Z,260.0,1805.169,-0.462,24.24,B
2026-01-01T00:04:20Z,260.5,1805.512,0.687,25.60,C
2026-01-01T00:04:21Z,261.0,1804.760,-1.504,22.20,A
2026-01-01T00:04:21Z,261.5,1804.468,-0.585,24.30,B
2026-01-01T00:04:22Z,262.0,1804.478,0.021,25.41,C
2026-01-01T00:04:22Z,262.5,1803.836,-1.284,23.18,A
2026-01-01T00:04:23Z,263.0,1803.462,-0.749,24.30,B
2026-01-01T00:04:23Z,263.5,1803.509,0.095,25.22,C
2026-01-01T00:04:24Z,264.0,1802.670,-1.680,22.34,A
2026-01-01T00:04:24Z,264.5,1802.175,-0.989,24.47,B
2026-01-01T00:04:25Z,265.0,1802.179,0.008,25.25,C
2026-01-01T00:04:25Z,265.5,1801.171,-2.016,22.94,A
2026-01-01T00:04:26Z,266.0,1800.540,-1.262,24.03,B
2026-01-01T00:04:26Z,266.5,1800.329,-0.424,25.27,C
2026-01-01T00:04:27Z,267.0,1799.215,-2.228,22.36,A
2026-01-01T00:04:27Z,267.5,1798.581,-1.268,24.66,B
2026-01-01T00:04:28Z,268.0,1798.388,-0.386,25.47,C
2026-01-01T00:04:28Z,268.5,1797.376,-2.022,22.51,A
2026-01-01T00:04:29Z,269.0,1796.685,-1.382,24.06,B
2026-01-01T00:04:29Z,269.5,1796.494,-0.383,25.59,C
2026-01-01T00:04:30Z,270.0,1795.429,-2.131,22.88,A
2026-01-01T00:04:30Z,270.5,1794.745,-1.368,24.35,B
2026-01-01T00:04:31Z,271.0,1794.439,-0.612,25.65,C
2026-01-01T00:04:31Z,271.5,1793.245,-2.388,22.87,A
2026-01-01T00:04:32Z,272.0,1792.375,-1.739,24.32,B
2026-01-01T00:04:32Z,272.5,1791.878,-0.994,25.65,C
2026-01-01T00:04:33Z,273.0,1790.660,-2.437,22.89,A
2026-01-01T00:04:33Z,273.5,1789.706,-1.907,23.82,B
2026-01-01T00:04:34Z,274.0,1789.111,-1.191,25.44,C
2026-01-01T00:04:34Z,274.5,1787.597,-3.027,22.71,A
2026-01-01T00:04:35Z,275.0,1786.553,-2.089,24.03,B
2026-01-01T00:04:35Z,275.5,1785.796,-1.513,25.81,C
2026-01-01T00:04:36Z,276.0,1784.271,-3.051,22.68,A
2026-01-01T00:04:36Z,276.5,1783.004,-2.533,24.16,B
2026-01-01T00:04:37Z,277.0,1782.273,-1.462,25.83,C
2026-01-01T00:04:37Z,277.5,1780.680,-3.187,23.13,A
2026-01-01T00:04:38Z,278.0,1779.511,-2.339,24.48,B
2026-01-01T00:04:38Z,278.5,1778.504,-2.013,25.61,C
2026-01-01T00:04:39Z,279.0,1776.864,-3.281,22.46,A
2026-01-01T00:04:39Z,279.5,1775.663,-2.401,23.95,B
2026-01-01T00:04:40Z,280.0,1774.823,-1.680,25.52,C
2026-01-01T00:04:40Z,280.5,1773.142,-3.361,23.16,A
2026-01-01T00:04:41Z,281.0,1771.680,-2.923,24.70,B
2026-01-01T00:04:41Z,281.5,1770.537,-2.287,26.17,C
2026-01-01T00:04:42Z,282.0,1768.631,-3.812,22.76,A
2026-01-01T00:04:42Z,282.5,1767.017,-3.228,24.42,B
2026-01-01T00:04:43Z,283.0,1765.820,-2.395,25.99,C
2026-01-01T00:04:43Z,283.5,1763.953,-3.734,22.93,A
2026-01-01T00:04:44Z,284.0,1762.219,-3.467,24.79,B
2026-01-01T00:04:44Z,284.5,1761.131,-2.177,25.98,C
2026-01-01T00:04:45Z,285.0,1759.052,-4.158,22.90,A
2026-01-01T00:04:45Z,285.5,1757.495,-3.113,24.30,B
2026-01-01T00:04:46Z,286.0,1756.279,-2.432,25.94,C
2026-01-01T00:04:46Z,286.5,1754.128,-4.303,23.28,A
2026-01-01T00:04:47Z,287.0,1752.344,-3.568,24.46,B
2026-01-01T00:04:47Z,287.5,1750.825,-3.037,25.83,C
2026-01-01T00:04:48Z,288.0,1748.474,-4.703,23.06,A
2026-01-01T00:04:48Z,288.5,1746.483,-3.981,23.90,B
2026-01-01T00:04:49Z,289.0,1744.898,-3.170,25.50,C
2026-01-01T00:04:49Z,289.5,1742.604,-4.588,22.72,A
2026-01-01T00:04:50Z,290.0,1740.612,-3.985,24.85,B
2026-01-01T00:04:50Z,290.5,1739.183,-2.858,26.03,C
2026-01-01T00:04:51Z,291.0,1736.894,-4.577,23.20,A
2026-01-01T00:04:51Z,291.5,1734.811,-4.166,24.69,B
2026-01-01T00:04:52Z,292.0,1733.099,-3.424,25.95,C
2026-01-01T00:04:52Z,292.5,1730.595,-5.008,22.55,A
2026-01-01T00:04:53Z,293.0,1728.590,-4.011,24.81,B
2026-01-01T00:04:53Z,293.5,1726.819,-3.543,26.27,C
2026-01-01T00:04:54Z,294.0,1724.230,-5.177,23.05,A
2026-01-01T00:04:54Z,294.5,1722.210,-4.041,24.67,B
2026-01-01T00:04:55Z,295.0,1720.281,-3.859,25.84,C
2026-01-01T00:04:55Z,295.5,1717.621,-5.319,22.70,A
2026-01-01T00:04:56Z,296.0,1715.466,-4.309,24.35,B
2026-01-01T00:04:56Z,296.5,1713.651,-3.632,26.05,C
2026-01-01T00:04:57Z,297.0,1710.954,-5.393,22.47,A
2026-01-01T00:04:57Z,297.5,1708.678,-4.553,24.81,B
2026-01-01T00:04:58Z,298.0,1706.625,-4.105,26.06,C
2026-01-01T00:04:58Z,298.5,1703.841,-5.568,22.76,A
2026-01-01T00:04:59Z,299.0,1701.498,-4.686,24.90,B
2026-01-01T00:04:59Z,299.5,1699.322,-4.351,26.33,C
2026-01-01T00:05:00Z,300.0,1696.430,-5.786,23.27,A
2026-01-01T00:05:00Z,300.5,1693.849,-5.162,24.65,B
2026-01-01T00:05:01Z,301.0,1691.620,-4.458,25.77,C
2026-01-01T00:05:01Z,301.5,1688.826,-5.587,23.10,A
2026-01-01T00:05:02Z,302.0,1686.352,-4.948,24.41,B
2026-01-01T00:05:02Z,302.5,1684.159,-4.387,25.94,C
2026-01-01T00:05:03Z,303.0,1681.231,-5.855,23.17,A
2026-01-01T00:05:03Z,303.5,1678.505,-5.453,24.39,B
2026-01-01T00:05:04Z,304.0,1676.258,-4.493,26.03,C
2026-01-01T00:05:04Z,304.5,1673.302,-5.912,23.30,A
2026-01-01T00:05:05Z,305.0,1670.489,-5.627,24.34,B
2026-01-01T00:05:05Z,305.5,1668.039,-4.900,25.49,C
2026-01-01T00:05:06Z,306.0,1664.754,-6.570,22.65,A
2026-01-01T00:05:06Z,306.5,1662.052,-5.403,24.64,B
2026-01-01T00:05:07Z,307.0,1659.736,-4.632,25.76,C
2026-01-01T00:05:07Z,307.5,1656.404,-6.665,23.45,A
2026-01-01T00:05:08Z,308.0,1653.648,-5.511,24.93,B
2026-01-01T00:05:08Z,308.5,1651.027,-5.242,25.88,C
2026-01-01T00:05:09Z,309.0,1647.767,-6.520,23.22,A
2026-01-01T00:05:09Z,309.5,1644.967,-5.600,24.53,B
2026-01-01T00:05:10Z,310.0,1642.387,-5.160,25.50,C
2026-01-01T00:05:10Z,310.5,1639.108,-6.558,23.48,A
2026-01-01T00:05:11Z,311.0,1636.237,-5.742,24.66,B
2026-01-01T00:05:11Z,311.5,1633.574,-5.327,25.74,C
2026-01-01T00:05:12Z,312.0,1630.217,-6.713,23.44,A
2026-01-01T00:05:12Z,312.5,1627.294,-5.847,24.18,B
2026-01-01T00:05:13Z,313.0,1624.636,-5.317,26.02,C
2026-01-01T00:05:13Z,313.5,1621.108,-7.056,23.31,A
2026-01-01T00:05:14Z,314.0,1618.110,-5.996,24.74,B
2026-01-01T00:05:14Z,314.5,1615.420,-5.381,26.21,C
2026-01-01T00:05:15Z,315.0,1611.893,-7.053,23.06,A
2026-01-01T00:05:15Z,315.5,1608.623,-6.540,24.80,B
2026-01-01T00:05:16Z,316.0,1605.693,-5.860,26.17,C
2026-01-01T00:05:16Z,316.5,1602.022,-7.343,23.09,A
2026-01-01T00:05:17Z,317.0,1598.805,-6.433,24.51,B
2026-01-01T00:05:17Z,317.5,1596.069,-5.473,25.78,C
2026-01-01T00:05:18Z,318.0,1592.221,-7.695,23.49,A
2026-01-01T00:05:18Z,318.5,1588.843,-6.757,24.32,B
2026-01-01T00:05:19Z,319.0,1585.874,-5.936,26.14,C
2026-01-01T00:05:19Z,319.5,1582.257,-7.235,23.26,A
2026-01-01T00:05:20Z,320.0,1578.818,-6.877,24.59,B
2026-01-01T00:05:20Z,320.5,1575.798,-6.040,26.06,C
2026-01-01T00:05:21Z,321.0,1571.949,-7.699,22.72,A
2026-01-01T00:05:21Z,321.5,1568.473,-6.952,24.45,B
2026-01-01T00:05:22Z,322.0,1565.319,-6.309,26.38,C
2026-01-01T00:05:22Z,322.5,1561.393,-7.853,22.72,A
2026-01-01T00:05:23Z,323.0,1557.909,-6.968,24.91,B
2026-01-01T00:05:23Z,323.5,1554.870,-6.078,26.19,C
2026-01-01T00:05:24Z,324.0,1550.996,-7.747,22.91,A
2026-01-01T00:05:24Z,324.5,1547.327,-7.338,24.33,B
2026-01-01T00:05:25Z,325.0,1544.101,-6.452,25.86,C
2026-01-01T00:05:25Z,325.5,1540.092,-8.019,22.73,A
2026-01-01T00:05:26Z,326.0,1536.363,-7.458,24.34,B
2026-01-01T00:05:26Z,326.5,1533.035,-6.656,26.39,C
2026-01-01T00:05:27Z,327.0,1528.991,-8.088,22.79,A
2026-01-01T00:05:27Z,327.5,1525.297,-7.389,24.97,B
2026-01-01T00:05:28Z,328.0,1522.029,-6.536,26.15,C
2026-01-01T00:05:28Z,328.5,1517.887,-8.284,22.79,A
2026-01-01T00:05:29Z,329.0,1514.197,-7.379,24.18,B
2026-01-01T00:05:29Z,329.5,1510.939,-6.517,25.66,C
2026-01-01T00:05:30Z,330.0,1506.851,-8.176,22.99,A
2026-01-01T00:05:30Z,330.5,1503.126,-7.449,24.70,B
2026-01-01T00:05:31Z,331.0,1499.619,-7.015,26.15,C
2026-01-01T00:05:31Z,331.5,1495.278,-8.682,22.86,A
2026-01-01T00:05:32Z,332.0,1491.412,-7.731,24.40,B
2026-01-01T00:05:32Z,332.5,1488.014,-6.796,26.61,C
2026-01-01T00:05:33Z,333.0,1483.708,-8.612,23.46,A
2026-01-01T00:05:33Z,333.5,1479.747,-7.923,24.84,B
2026-01-01T00:05:34Z,334.0,1476.206,-7.082,26.16,C
2026-01-01T00:05:34Z,334.5,1471.771,-8.869,23.46,A
2026-01-01T00:05:35Z,335.0,1467.757,-8.028,24.60,B
2026-01-01T00:05:35Z,335.5,1464.152,-7.211,26.45,C
2026-01-01T00:05:36Z,336.0,1459.822,-8.660,23.26,A
2026-01-01T00:05:36Z,336.5,1455.925,-7.793,24.40,B
2026-01-01T00:05:37Z,337.0,1452.204,-7.441,26.47,C
2026-01-01T00:05:37Z,337.5,1447.746,-8.917,23.46,A
2026-01-01T00:05:38Z,338.0,1443.865,-7.762,24.78,B
2026-01-01T00:05:38Z,338.5,1440.114,-7.503,26.51,C
2026-01-01T00:05:39Z,339.0,1435.707,-8.813,22.90,A
2026-01-01T00:05:39Z,339.5,1431.558,-8.297,24.67,B
2026-01-01T00:05:40Z,340.0,1427.770,-7.577,26.57,C
2026-01-01T00:05:40Z,340.5,1423.344,-8.853,23.48,A
2026-01-01T00:05:41Z,341.0,1419.206,-8.275,25.09,B
2026-01-01T00:05:41Z,341.5,1415.380,-7.652,26.39,C
2026-01-01T00:05:42Z,342.0,1410.777,-9.206,22.68,A
2026-01-01T00:05:42Z,342.5,1406.521,-8.512,24.38,B
2026-01-01T00:05:43Z,343.0,1402.845,-7.353,26.06,C
2026-01-01T00:05:43Z,343.5,1398.271,-9.147,23.29,A
2026-01-01T00:05:44Z,344.0,1394.021,-8.501,24.82,B
2026-01-01T00:05:44Z,344.5,1390.279,-7.484,26.61,C
2026-01-01T00:05:45Z,345.0,1385.674,-9.209,23.54,A
2026-01-01T00:05:45Z,345.5,1381.597,-8.155,24.96,B
2026-01-01T00:05:46Z,346.0,1377.744,-7.706,25.97,C
2026-01-01T00:05:46Z,346.5,1372.982,-9.524,23.53,A
2026-01-01T00:05:47Z,347.0,1368.618,-8.728,24.76,B
2026-01-01T00:05:47Z,347.5,1364.740,-7.756,25.75,C
2026-01-01T00:05:48Z,348.0,1359.979,-9.522,23.53,A
2026-01-01T00:05:48Z,348.5,1355.705,-8.549,25.13,B
2026-01-01T00:05:49Z,349.0,1351.930,-7.549,25.80,C
2026-01-01T00:05:49Z,349.5,1347.276,-9.308,22.75,A
2026-01-01T00:05:50Z,350.0,1342.934,-8.683,24.66,B
2026-01-01T00:05:50Z,350.5,1339.143,-7.583,26.31,C
2026-01-01T00:05:51Z,351.0,1334.312,-9.663,23.23,A
2026-01-01T00:05:51Z,351.5,1329.970,-8.684,24.42,B
2026-01-01T00:05:52Z,352.0,1325.970,-8.000,26.60,C
2026-01-01T00:05:52Z,352.5,1321.347,-9.246,23.50,A
2026-01-01T00:05:53Z,353.0,1316.839,-9.015,25.14,B
2026-01-01T00:05:53Z,353.5,1312.841,-7.997,26.57,C
2026-01-01T00:05:54Z,354.0,1307.949,-9.784,22.88,A
2026-01-01T00:05:54Z,354.5,1303.667,-8.563,24.52,B
2026-01-01T00:05:55Z,355.0,1299.518,-8.299,26.24,C
2026-01-01T00:05:55Z,355.5,1294.844,-9.347,23.58,A
2026-01-01T00:05:56Z,356.0,1290.384,-8.920,25.24,B
2026-01-01T00:05:56Z,356.5,1286.436,-7.896,26.59,C
2026-01-01T00:05:57Z,357.0,1281.636,-9.602,23.14,A
2026-01-01T00:05:57Z,357.5,1277.305,-8.661,24.72,B
2026-01-01T00:05:58Z,358.0,1273.376,-7.859,26.31,C
2026-01-01T00:05:58Z,358.5,1268.632,-9.488,23.23,A
2026-01-01T00:05:59Z,359.0,1264.135,-8.992,24.85,B
2026-01-01T00:05:59Z,359.5,1260.000,-8.272,25.91,C
2026-01-01T00:06:00Z,360.0,1255.139,-9.722,23.62,A
2026-01-01T00:06:00Z,360.5,1250.578,-9.122,25.13,B
2026-01-01T00:06:01Z,361.0,1246.564,-8.029,26.54,C
2026-01-01T00:06:01Z,361.5,1241.632,-9.864,23.77,A
2026-01-01T00:06:02Z,362.0,1237.207,-8.850,24.85,B
2026-01-01T00:06:02Z,362.5,1232.972,-8.468,26.35,C
2026-01-01T00:06:03Z,363.0,1227.903,-10.139,23.68,A
2026-01-01T00:06:03Z,363.5,1223.325,-9.156,24.65,B
2026-01-01T00:06:04Z,364.0,1219.206,-8.238,26.42,C
2026-01-01T00:06:04Z,364.5,1214.292,-9.829,23.27,A
2026-01-01T00:06:05Z,365.0,1209.788,-9.007,25.14,B
2026-01-01T00:06:05Z,365.5,1205.623,-8.329,26.29,C
2026-01-01T00:06:06Z,366.0,1200.764,-9.720,22.80,A
2026-01-01T00:06:06Z,366.5,1196.105,-9.318,24.62,B
2026-01-01T00:06:07Z,367.0,1191.858,-8.494,26.69,C
2026-01-01T00:06:07Z,367.5,1186.787,-10.141,22.91,A
2026-01-01T00:06:08Z,368.0,1182.164,-9.247,24.81,B
2026-01-01T00:06:08Z,368.5,1178.089,-8.151,26.80,C
2026-01-01T00:06:09Z,369.0,1173.219,-9.739,23.42,A
2026-01-01T00:06:09Z,369.5,1168.502,-9.434,24.37,B
2026-01-01T00:06:10Z,370.0,1164.361,-8.283,26.63,C
2026-01-01T00:06:10Z,370.5,1159.307,-10.108,23.78,A
2026-01-01T00:06:11Z,371.0,1154.736,-9.142,24.89,B
2026-01-01T00:06:11Z,371.5,1150.583,-8.305,25.89,C
2026-01-01T00:06:12Z,372.0,1145.494,-10.178,23.76,A
2026-01-01T00:06:12Z,372.5,1140.832,-9.324,24.41,B
2026-01-01T00:06:13Z,373.0,1136.573,-8.518,26.55,C
2026-01-01T00:06:13Z,373.5,1131.507,-10.133,23.04,A
2026-01-01T00:06:14Z,374.0,1126.843,-9.327,24.81,B
2026-01-01T00:06:14Z,374.5,1122.717,-8.253,26.13,C
2026-01-01T00:06:15Z,375.0,1117.831,-9.773,23.81,A
2026-01-01T00:06:15Z,375.5,1113.328,-9.005,24.41,B
2026-01-01T00:06:16Z,376.0,1109.073,-8.510,26.77,C
2026-01-01T00:06:16Z,376.5,1104.181,-9.784,22.98,A
2026-01-01T00:06:17Z,377.0,1099.564,-9.235,24.71,B
2026-01-01T00:06:17Z,377.5,1095.438,-8.251,25.88,C
2026-01-01T00:06:18Z,378.0,1090.383,-10.110,23.60,A
2026-01-01T00:06:18Z,378.5,1085.900,-8.966,24.39,B
2026-01-01T00:06:19Z,379.0,1081.728,-8.344,26.52,C
2026-01-01T00:06:19Z,379.5,1076.842,-9.771,23.28,A
2026-01-01T00:06:20Z,380.0,1072.388,-8.909,24.56,B
2026-01-01T00:06:20Z,380.5,1068.077,-8.622,25.99,C
2026-01-01T00:06:21Z,381.0,1063.109,-9.935,22.99,A
2026-01-01T00:06:21Z,381.5,1058.447,-9.324,24.56,B
2026-01-01T00:06:22Z,382.0,1054.124,-8.647,26.83,C
2026-01-01T00:06:22Z,382.5,1049.086,-10.075,23.83,A
2026-01-01T00:06:23Z,383.0,1044.567,-9.038,24.59,B
2026-01-01T00:06:23Z,383.5,1040.513,-8.107,25.88,C
2026-01-01T00:06:24Z,384.0,1035.677,-9.673,22.91,A
2026-01-01T00:06:24Z,384.5,1031.025,-9.304,24.93,B
2026-01-01T00:06:25Z,385.0,1026.703,-8.644,26.65,C
2026-01-01T00:06:25Z,385.5,1021.607,-10.193,23.70,A
2026-01-01T00:06:26Z,386.0,1016.899,-9.416,24.91,B
2026-01-01T00:06:26Z,386.5,1012.647,-8.504,26.18,C
2026-01-01T00:06:27Z,387.0,1007.683,-9.928,23.26,A
2026-01-01T00:06:27Z,387.5,1003.094,-9.179,25.04,B
2026-01-01T00:06:28Z,388.0,998.850,-8.488,26.08,C
2026-01-01T00:06:28Z,388.5,993.957,-9.786,23.19,A
2026-01-01T00:06:29Z,389.0,989.543,-8.828,24.82,B
2026-01-01T00:06:29Z,389.5,985.396,-8.294,25.92,C
2026-01-01T00:06:30Z,390.0,980.318,-10.156,23.01,A
2026-01-01T00:06:30Z,390.5,975.827,-8.982,25.07,B
2026-01-01T00:06:31Z,391.0,971.839,-7.976,26.34,C
2026-01-01T00:06:31Z,391.5,966.983,-9.711,23.25,A
2026-01-01T00:06:32Z,392.0,962.343,-9.280,24.83,B
2026-01-01T00:06:32Z,392.5,958.297,-8.092,26.72,C
2026-01-01T00:06:33Z,393.0,953.533,-9.529,23.75,A
2026-01-01T00:06:33Z,393.5,949.058,-8.950,24.97,B
2026-01-01T00:06:34Z,394.0,944.971,-8.174,26.40,C
2026-01-01T00:06:34Z,394.5,940.144,-9.653,23.50,A
2026-01-01T00:06:35Z,395.0,935.778,-8.733,24.87,B
2026-01-01T00:06:35Z,395.5,931.702,-8.151,26.76,C
2026-01-01T00:06:36Z,396.0,926.895,-9.614,23.45,A
2026-01-01T00:06:36Z,396.5,922.462,-8.866,25.24,B
2026-01-01T00:06:37Z,397.0,918.450,-8.024,26.19,C
2026-01-01T00:06:37Z,397.5,913.557,-9.787,23.54,A
2026-01-01T00:06:38Z,398.0,908.992,-9.130,24.89,B
2026-01-01T00:06:38Z,398.5,905.089,-7.806,26.17,C
2026-01-01T00:06:39Z,399.0,900.260,-9.657,23.64,A
2026-01-01T00:06:39Z,399.5,895.984,-8.551,25.14,B
2026-01-01T00:06:40Z,400.0,892.028,-7.914,26.33,C
2026-01-01T00:06:40Z,400.5,887.223,-9.609,23.59,A
2026-01-01T00:06:41Z,401.0,882.804,-8.839,25.23,B
2026-01-01T00:06:41Z,401.5,878.689,-8.229,26.70,C
2026-01-01T00:06:42Z,402.0,874.004,-9.370,23.26,A
2026-01-01T00:06:42Z,402.5,869.510,-8.987,24.79,B
2026-01-01T00:06:43Z,403.0,865.599,-7.823,26.74,C
2026-01-01T00:06:43Z,403.5,860.982,-9.234,23.17,A
2026-01-01T00:06:44Z,404.0,856.539,-8.886,24.58,B
2026-01-01T00:06:44Z,404.5,852.778,-7.521,26.61,C
2026-01-01T00:06:45Z,405.0,847.970,-9.616,23.65,A
2026-01-01T00:06:45Z,405.5,843.822,-8.296,25.07,B
2026-01-01T00:06:46Z,406.0,839.867,-7.910,26.93,C
2026-01-01T00:06:46Z,406.5,835.263,-9.207,23.15,A
2026-01-01T00:06:47Z,407.0,831.091,-8.345,24.98,B
2026-01-01T00:06:47Z,407.5,827.272,-7.637,26.34,C
2026-01-01T00:06:48Z,408.0,822.581,-9.382,23.40,A
2026-01-01T00:06:48Z,408.5,818.372,-8.419,24.94,B
2026-01-01T00:06:49Z,409.0,814.677,-7.390,26.05,C
2026-01-01T00:06:49Z,409.5,809.994,-9.366,23.92,A
2026-01-01T00:06:50Z,410.0,805.846,-8.296,25.10,B
2026-01-01T00:06:50Z,410.5,802.117,-7.458,26.23,C
2026-01-01T00:06:51Z,411.0,797.530,-9.173,23.20,A
2026-01-01T00:06:51Z,411.5,793.284,-8.493,25.48,B
2026-01-01T00:06:52Z,412.0,789.628,-7.311,26.87,C
2026-01-01T00:06:52Z,412.5,784.963,-9.330,23.70,A
2026-01-01T00:06:53Z,413.0,780.803,-8.320,24.99,B
2026-01-01T00:06:53Z,413.5,777.168,-7.271,26.03,C
2026-01-01T00:06:54Z,414.0,772.654,-9.026,23.55,A
2026-01-01T00:06:54Z,414.5,768.706,-7.896,25.01,B
2026-01-01T00:06:55Z,415.0,765.005,-7.402,26.61,C
2026-01-01T00:06:55Z,415.5,760.599,-8.813,23.30,A
2026-01-01T00:06:56Z,416.0,756.596,-8.006,24.78,B
2026-01-01T00:06:56Z,416.5,752.847,-7.498,26.32,C
2026-01-01T00:06:57Z,417.0,748.335,-9.023,23.50,A
2026-01-01T00:06:57Z,417.5,744.363,-7.944,25.38,B
2026-01-01T00:06:58Z,418.0,740.880,-6.966,26.76,C
2026-01-01T00:06:58Z,418.5,736.685,-8.390,23.28,A
2026-01-01T00:06:59Z,419.0,732.720,-7.929,24.75,B
2026-01-01T00:06:59Z,419.5,729.090,-7.260,26.53,C
2026-01-01T00:07:00Z,420.0,724.799,-8.583,23.15,A
2026-01-01T00:07:00Z,420.5,721.047,-7.504,25.50,B
2026-01-01T00:07:01Z,421.0,717.455,-7.184,26.03,C
2026-01-01T00:07:01Z,421.5,713.078,-8.755,23.76,A
2026-01-01T00:07:02Z,422.0,709.354,-7.447,24.59,B
2026-01-01T00:07:02Z,422.5,705.795,-7.120,26.57,C
2026-01-01T00:07:03Z,423.0,701.549,-8.492,23.05,A
2026-01-01T00:07:03Z,423.5,697.623,-7.852,24.74,B
2026-01-01T00:07:04Z,424.0,694.172,-6.903,26.33,C
2026-01-01T00:07:04Z,424.5,690.043,-8.257,23.29,A
2026-01-01T00:07:05Z,425.0,686.236,-7.613,24.75,B
2026-01-01T00:07:05Z,425.5,683.044,-6.385,26.28,C
2026-01-01T00:07:06Z,426.0,678.970,-8.148,23.49,A
2026-01-01T00:07:06Z,426.5,675.247,-7.447,24.95,B
2026-01-01T00:07:07Z,427.0,671.847,-6.799,26.23,C
2026-01-01T00:07:07Z,427.5,667.853,-7.988,23.81,A
2026-01-01T00:07:08Z,428.0,664.151,-7.404,24.73,B
2026-01-01T00:07:08Z,428.5,661.073,-6.154,26.15,C
2026-01-01T00:07:09Z,429.0,657.182,-7.783,23.93,A
2026-01-01T00:07:09Z,429.5,653.515,-7.334,25.39,B
2026-01-01T00:07:10Z,430.0,650.268,-6.494,26.10,C
2026-01-01T00:07:10Z,430.5,646.281,-7.974,23.40,A
2026-01-01T00:07:11Z,431.0,642.805,-6.953,25.00,B
2026-01-01T00:07:11Z,431.5,639.809,-5.991,26.73,C
2026-01-01T00:07:12Z,432.0,635.831,-7.956,23.27,A
2026-01-01T00:07:12Z,432.5,632.461,-6.740,24.68,B
2026-01-01T00:07:13Z,433.0,629.573,-5.776,26.88,C
2026-01-01T00:07:13Z,433.5,625.685,-7.775,23.35,A
2026-01-01T00:07:14Z,434.0,622.228,-6.915,24.99,B
2026-01-01T00:07:14Z,434.5,619.189,-6.076,26.10,C
2026-01-01T00:07:15Z,435.0,615.373,-7.633,23.27,A
2026-01-01T00:07:15Z,435.5,612.006,-6.733,25.03,B
2026-01-01T00:07:16Z,436.0,609.218,-5.576,26.74,C
2026-01-01T00:07:16Z,436.5,605.574,-7.289,23.94,A
2026-01-01T00:07:17Z,437.0,602.282,-6.584,25.01,B
2026-01-01T00:07:17Z,437.5,599.368,-5.827,26.91,C
2026-01-01T00:07:18Z,438.0,595.866,-7.004,23.99,A
2026-01-01T00:07:18Z,438.5,592.704,-6.324,24.70,B
2026-01-01T00:07:19Z,439.0,589.804,-5.800,26.88,C
2026-01-01T00:07:19Z,439.5,586.370,-6.868,23.62,A
2026-01-01T00:07:20Z,440.0,583.369,-6.003,25.52,B
2026-01-01T00:07:20Z,440.5,580.739,-5.258,26.46,C
2026-01-01T00:07:21Z,441.0,577.243,-6.992,23.44,A
2026-01-01T00:07:21Z,441.5,574.151,-6.184,25.07,B
2026-01-01T00:07:22Z,442.0,571.369,-5.566,26.22,C
2026-01-01T00:07:22Z,442.5,567.854,-7.030,23.66,A
2026-01-01T00:07:23Z,443.0,564.973,-5.762,25.31,B
2026-01-01T00:07:23Z,443.5,562.298,-5.349,26.56,C
2026-01-01T00:07:24Z,444.0,558.990,-6.616,23.24,A
2026-01-01T00:07:24Z,444.5,555.941,-6.098,25.22,B
2026-01-01T00:07:25Z,445.0,553.362,-5.158,26.75,C
2026-01-01T00:07:25Z,445.5,549.988,-6.749,23.96,A
2026-01-01T00:07:26Z,446.0,547.079,-5.819,25.04,B
2026-01-01T00:07:26Z,446.5,544.665,-4.827,27.00,C
2026-01-01T00:07:27Z,447.0,541.585,-6.159,23.96,A
2026-01-01T00:07:27Z,447.5,538.860,-5.450,24.68,B
2026-01-01T00:07:28Z,448.0,536.410,-4.901,26.65,C
2026-01-01T00:07:28Z,448.5,533.423,-5.973,23.84,A
2026-01-01T00:07:29Z,449.0,530.623,-5.600,24.97,B
2026-01-01T00:07:29Z,449.5,528.479,-4.289,26.63,C
2026-01-01T00:07:30Z,450.0,525.532,-5.895,23.98,A
2026-01-01T00:07:30Z,450.5,522.983,-5.098,25.25,B
2026-01-01T00:07:31Z,451.0,520.824,-4.318,26.47,C
2026-01-01T00:07:31Z,451.5,517.726,-6.195,24.07,A
2026-01-01T00:07:32Z,452.0,515.027,-5.398,24.90,B
2026-01-01T00:07:32Z,452.5,512.928,-4.198,27.09,C
2026-01-01T00:07:33Z,453.0,509.933,-5.990,23.38,A
2026-01-01T00:07:33Z,453.5,507.555,-4.756,24.96,B
2026-01-01T00:07:34Z,454.0,505.469,-4.172,26.49,C
2026-01-01T00:07:34Z,454.5,502.503,-5.933,24.07,A
2026-01-01T00:07:35Z,455.0,500.157,-4.692,24.64,B
2026-01-01T00:07:35Z,455.5,498.056,-4.201,26.27,C
2026-01-01T00:07:36Z,456.0,495.264,-5.586,24.03,A
2026-01-01T00:07:36Z,456.5,492.828,-4.870,24.87,B
2026-01-01T00:07:37Z,457.0,490.871,-3.915,26.65,C
2026-01-01T00:07:37Z,457.5,488.316,-5.109,23.68,A
2026-01-01T00:07:38Z,458.0,486.189,-4.254,25.18,B
2026-01-01T00:07:38Z,458.5,484.347,-3.684,27.02,C
2026-01-01T00:07:39Z,459.0,481.777,-5.142,23.62,A
2026-01-01T00:07:39Z,459.5,479.612,-4.329,25.00,B
2026-01-01T00:07:40Z,460.0,477.851,-3.523,26.22,C
2026-01-01T00:07:40Z,460.5,475.248,-5.206,23.91,A
2026-01-01T00:07:41Z,461.0,473.050,-4.395,24.86,B
2026-01-01T00:07:41Z,461.5,471.289,-3.522,26.52,C
2026-01-01T00:07:42Z,462.0,468.721,-5.136,23.51,A
2026-01-01T00:07:42Z,462.5,466.748,-3.945,25.33,B
2026-01-01T00:07:43Z,463.0,465.280,-2.936,26.24,C
2026-01-01T00:07:43Z,463.5,462.973,-4.615,23.35,A
2026-01-01T00:07:44Z,464.0,461.003,-3.941,25.23,B
2026-01-01T00:07:44Z,464.5,459.609,-2.788,26.83,C
2026-01-01T00:07:45Z,465.0,457.487,-4.244,23.18,A
2026-01-01T00:07:45Z,465.5,455.592,-3.790,25.14,B
2026-01-01T00:07:46Z,466.0,454.041,-3.101,26.22,C
2026-01-01T00:07:46Z,466.5,451.818,-4.447,23.73,A
2026-01-01T00:07:47Z,467.0,449.953,-3.729,24.74,B
2026-01-01T00:07:47Z,467.5,448.572,-2.763,26.91,C
2026-01-01T00:07:48Z,468.0,446.493,-4.157,24.17,A
2026-01-01T00:07:48Z,468.5,444.854,-3.278,25.56,B
2026-01-01T00:07:49Z,469.0,443.634,-2.440,26.65,C
2026-01-01T00:07:49Z,469.5,441.595,-4.077,23.25,A
2026-01-01T00:07:50Z,470.0,439.879,-3.432,25.33,B
2026-01-01T00:07:50Z,470.5,438.831,-2.096,26.20,C
2026-01-01T00:07:51Z,471.0,436.808,-4.046,23.50,A
2026-01-01T00:07:51Z,471.5,435.254,-3.109,25.51,B
2026-01-01T00:07:52Z,472.0,434.110,-2.287,26.49,C
2026-01-01T00:07:52Z,472.5,432.266,-3.688,24.13,A
2026-01-01T00:07:53Z,473.0,430.793,-2.946,25.32,B
2026-01-01T00:07:53Z,473.5,429.675,-2.235,26.62,C
2026-01-01T00:07:54Z,474.0,428.051,-3.249,23.40,A
2026-01-01T00:07:54Z,474.5,426.684,-2.733,25.34,B
2026-01-01T00:07:55Z,475.0,425.810,-1.749,26.76,C
2026-01-01T00:07:55Z,475.5,424.177,-3.264,23.86,A
2026-01-01T00:07:56Z,476.0,422.889,-2.577,25.04,B
2026-01-01T00:07:56Z,476.5,422.052,-1.673,26.71,C
2026-01-01T00:07:57Z,477.0,420.496,-3.112,24.07,A
2026-01-01T00:07:57Z,477.5,419.319,-2.355,25.14,B
2026-01-01T00:07:58Z,478.0,418.702,-1.234,27.17,C
2026-01-01T00:07:58Z,478.5,417.138,-3.128,23.93,A
2026-01-01T00:07:59Z,479.0,416.005,-2.265,25.44,B
2026-01-01T00:07:59Z,479.5,415.240,-1.531,26.71,C
2026-01-01T00:08:00Z,480.0,413.863,-2.752,23.90,A
2026-01-01T00:08:00Z,480.5,413.022,-1.684,25.50,B
2026-01-01T00:08:01Z,481.0,412.504,-1.036,26.70,C
2026-01-01T00:08:01Z,481.5,411.051,-2.906,23.76,A
2026-01-01T00:08:02Z,482.0,410.193,-1.716,25.45,B
2026-01-01T00:08:02Z,482.5,409.646,-1.094,26.79,C
2026-01-01T00:08:03Z,483.0,408.295,-2.701,23.93,A
2026-01-01T00:08:03Z,483.5,407.606,-1.379,25.14,B
2026-01-01T00:08:04Z,484.0,407.307,-0.598,26.87,C
2026-01-01T00:08:04Z,484.5,406.123,-2.368,23.30,A
2026-01-01T00:08:05Z,485.0,405.506,-1.234,25.07,B
2026-01-01T00:08:05Z,485.5,405.140,-0.731,26.65,C
2026-01-01T00:08:06Z,486.0,404.207,-1.867,24.17,A
2026-01-01T00:08:06Z,486.5,403.624,-1.165,25.68,B
2026-01-01T00:08:07Z,487.0,403.354,-0.540,26.71,C
2026-01-01T00:08:07Z,487.5,402.265,-2.178,23.45,A
2026-01-01T00:08:08Z,488.0,401.867,-0.796,24.78,B
2026-01-01T00:08:08Z,488.5,401.833,-0.067,26.73,C
2026-01-01T00:08:09Z,489.0,401.130,-1.406,24.21,A
2026-01-01T00:08:09Z,489.5,400.599,-1.063,24.98,B
2026-01-01T00:08:10Z,490.0,400.759,0.320,26.55,C
2026-01-01T00:08:10Z,490.5,399.906,-1.705,24.13,A
2026-01-01T00:08:11Z,491.0,399.615,-0.581,25.03,B
2026-01-01T00:08:11Z,491.5,399.737,0.243,26.65,C
2026-01-01T00:08:12Z,492.0,399.060,-1.353,23.78,A
2026-01-01T00:08:12Z,492.5,398.728,-0.664,25.34,B
2026-01-01T00:08:13Z,493.0,399.063,0.669,26.82,C
2026-01-01T00:08:13Z,493.5,398.578,-0.969,23.51,A
2026-01-01T00:08:14Z,494.0,398.335,-0.487,24.74,B
2026-01-01T00:08:14Z,494.5,398.770,0.871,26.35,C
2026-01-01T00:08:15Z,495.0,398.257,-1.027,23.89,A
2026-01-01T00:08:15Z,495.5,398.280,0.048,25.35,B
2026-01-01T00:08:16Z,496.0,398.647,0.733,27.05,C
2026-01-01T00:08:16Z,496.5,398.245,-0.803,24.07,A
2026-01-01T00:08:17Z,497.0,398.158,-0.174,25.46,B
2026-01-01T00:08:17Z,497.5,398.516,0.714,26.62,C
2026-01-01T00:08:18Z,498.0,398.208,-0.615,23.42,A
2026-01-01T00:08:18Z,498.5,398.333,0.250,25.59,B
2026-01-01T00:08:19Z,499.0,398.765,0.865,26.43,C
2026-01-01T00:08:19Z,499.5,398.711,-0.109,23.69,A
2026-01-01T00:08:20Z,500.0,398.912,0.402,25.65,B
2026-01-01T00:08:20Z,500.5,399.660,1.496,26.42,C
2026-01-01T00:08:21Z,501.0,399.586,-0.148,23.42,A
2026-01-01T00:08:21Z,501.5,399.997,0.821,25.30,B
2026-01-01T00:08:22Z,502.0,400.845,1.697,26.31,C
2026-01-01T00:08:22Z,502.5,400.964,0.237,23.48,A
2026-01-01T00:08:23Z,503.0,401.491,1.053,25.19,B
2026-01-01T00:08:23Z,503.5,402.460,1.939,26.35,C
2026-01-01T00:08:24Z,504.0,402.410,-0.100,23.72,A
2026-01-01T00:08:24Z,504.5,403.055,1.289,25.21,B
2026-01-01T00:08:25Z,505.0,404.003,1.898,26.41,C
2026-01-01T00:08:25Z,505.5,404.194,0.380,23.68,A
2026-01-01T00:08:26Z,506.0,404.919,1.451,25.49,B
2026-01-01T00:08:26Z,506.5,405.953,2.067,26.40,C
2026-01-01T00:08:27Z,507.0,406.118,0.330,24.22,A
2026-01-01T00:08:27Z,507.5,406.854,1.472,24.98,B
2026-01-01T00:08:28Z,508.0,408.081,2.454,26.47,C
2026-01-01T00:08:28Z,508.5,408.432,0.702,24.13,A
2026-01-01T00:08:29Z,509.0,409.109,1.354,24.86,B
2026-01-01T00:08:29Z,509.5,410.202,2.186,26.41,C
2026-01-01T00:08:30Z,510.0,410.623,0.842,23.58,A
2026-01-01T00:08:30Z,510.5,411.447,1.647,24.77,B
2026-01-01T00:08:31Z,511.0,412.763,2.634,26.71,C
2026-01-01T00:08:31Z,511.5,413.387,1.248,23.56,A
2026-01-01T00:08:32Z,512.0,414.394,2.014,25.07,B
2026-01-01T00:08:32Z,512.5,415.884,2.979,26.44,C
2026-01-01T00:08:33Z,513.0,416.526,1.283,23.71,A
2026-01-01T00:08:33Z,513.5,417.589,2.127,25.30,B
2026-01-01T00:08:34Z,514.0,419.107,3.035,26.58,C
2026-01-01T00:08:34Z,514.5,419.941,1.670,24.22,A
2026-01-01T00:08:35Z,515.0,421.128,2.372,25.40,B
2026-01-01T00:08:35Z,515.5,422.794,3.333,26.59,C
2026-01-01T00:08:36Z,516.0,423.652,1.716,23.73,A
2026-01-01T00:08:36Z,516.5,424.908,2.513,25.16,B
2026-01-01T00:08:37Z,517.0,426.611,3.405,26.49,C
2026-01-01T00:08:37Z,517.5,427.456,1.690,23.47,A
2026-01-01T00:08:38Z,518.0,428.837,2.763,25.02,B
2026-01-01T00:08:38Z,518.5,430.705,3.736,27.18,C
2026-01-01T00:08:39Z,519.0,431.798,2.185,23.60,A
2026-01-01T00:08:39Z,519.5,433.376,3.156,25.12,B
2026-01-01T00:08:40Z,520.0,435.210,3.668,26.87,C
2026-01-01T00:08:40Z,520.5,436.364,2.309,23.68,A
2026-01-01T00:08:41Z,521.0,437.987,3.245,25.63,B
2026-01-01T00:08:41Z,521.5,439.890,3.807,26.50,C
2026-01-01T00:08:42Z,522.0,441.057,2.333,23.98,A
2026-01-01T00:08:42Z,522.5,442.735,3.357,24.95,B
2026-01-01T00:08:43Z,523.0,444.760,4.049,27.18,C
2026-01-01T00:08:43Z,523.5,446.186,2.852,23.88,A
2026-01-01T00:08:44Z,524.0,447.988,3.605,25.62,B
2026-01-01T00:08:44Z,524.5,450.053,4.130,26.35,C
2026-01-01T00:08:45Z,525.0,451.465,2.824,23.67,A
2026-01-01T00:08:45Z,525.5,453.337,3.743,25.07,B
2026-01-01T00:08:46Z,526.0,455.556,4.437,27.09,C
2026-01-01T00:08:46Z,526.5,456.902,2.693,23.69,A
2026-01-01T00:08:47Z,527.0,458.696,3.588,25.32,B
2026-01-01T00:08:47Z,527.5,461.094,4.796,27.27,C
2026-01-01T00:08:48Z,528.0,462.728,3.267,23.43,A
2026-01-01T00:08:48Z,528.5,464.696,3.937,25.33,B
2026-01-01T00:08:49Z,529.0,467.154,4.917,26.99,C
2026-01-01T00:08:49Z,529.5,468.943,3.577,24.23,A
2026-01-01T00:08:50Z,530.0,470.931,3.977,24.95,B
2026-01-01T00:08:50Z,530.5,473.578,5.293,26.45,C
2026-01-01T00:08:51Z,531.0,475.453,3.750,23.41,A
2026-01-01T00:08:51Z,531.5,477.643,4.379,24.92,B
2026-01-01T00:08:52Z,532.0,480.126,4.967,26.62,C
2026-01-01T00:08:52Z,532.5,482.036,3.821,23.99,A
2026-01-01T00:08:53Z,533.0,484.233,4.393,24.93,B
2026-01-01T00:08:53Z,533.5,486.871,5.276,26.46,C
2026-01-01T00:08:54Z,534.0,488.701,3.660,23.79,A
2026-01-01T00:08:54Z,534.5,491.036,4.670,25.71,B
2026-01-01T00:08:55Z,535.0,493.680,5.288,26.83,C
2026-01-01T00:08:55Z,535.5,495.695,4.030,23.44,A
2026-01-01T00:08:56Z,536.0,498.077,4.765,24.93,B
2026-01-01T00:08:56Z,536.5,501.048,5.942,26.64,C
2026-01-01T00:08:57Z,537.0,502.999,3.901,23.77,A
2026-01-01T00:08:57Z,537.5,505.517,5.037,25.68,B
2026-01-01T00:08:58Z,538.0,508.521,6.007,26.50,C
2026-01-01T00:08:58Z,538.5,510.809,4.577,23.30,A
2026-01-01T00:08:59Z,539.0,513.463,5.307,24.84,B
2026-01-01T00:08:59Z,539.5,516.581,6.236,26.49,C
2026-01-01T00:09:00Z,540.0,518.920,4.679,24.11,A
2026-01-01T00:09:00Z,540.5,521.680,5.519,24.91,B
2026-01-01T00:09:01Z,541.0,524.756,6.152,26.40,C
2026-01-01T00:09:01Z,541.5,527.155,4.798,24.29,A
2026-01-01T00:09:02Z,542.0,529.923,5.536,25.45,B
2026-01-01T00:09:02Z,542.5,533.161,6.477,26.44,C
2026-01-01T00:09:03Z,543.0,535.539,4.755,23.65,A
2026-01-01T00:09:03Z,543.5,538.457,5.837,25.21,B
2026-01-01T00:09:04Z,544.0,541.688,6.462,26.85,C
2026-01-01T00:09:04Z,544.5,544.098,4.819,23.37,A
2026-01-01T00:09:05Z,545.0,546.944,5.692,24.82,B
2026-01-01T00:09:05Z,545.5,550.346,6.805,26.76,C
2026-01-01T00:09:06Z,546.0,552.960,5.227,23.87,A
2026-01-01T00:09:06Z,546.5,555.831,5.743,25.62,B
2026-01-01T00:09:07Z,547.0,559.359,7.055,26.31,C
2026-01-01T00:09:07Z,547.5,561.996,5.275,24.09,A
2026-01-01T00:09:08Z,548.0,565.056,6.119,25.66,B
2026-01-01T00:09:08Z,548.5,568.625,7.139,26.97,C
2026-01-01T00:09:09Z,549.0,571.484,5.718,24.08,A
2026-01-01T00:09:09Z,549.5,574.673,6.378,24.85,B
2026-01-01T00:09:10Z,550.0,578.249,7.151,27.00,C
2026-01-01T00:09:10Z,550.5,581.071,5.644,23.89,A
2026-01-01T00:09:11Z,551.0,584.267,6.392,25.65,B
2026-01-01T00:09:11Z,551.5,587.857,7.181,26.95,C
2026-01-01T00:09:12Z,552.0,590.730,5.746,23.46,A
2026-01-01T00:09:12Z,552.5,593.903,6.347,24.94,B
2026-01-01T00:09:13Z,553.0,597.583,7.359,26.78,C
2026-01-01T00:09:13Z,553.5,600.409,5.652,23.38,A
2026-01-01T00:09:14Z,554.0,603.891,6.964,25.79,B
2026-01-01T00:09:14Z,554.5,607.689,7.595,26.78,C
2026-01-01T00:09:15Z,555.0,610.763,6.148,23.41,A
2026-01-01T00:09:15Z,555.5,614.242,6.959,25.48,B
2026-01-01T00:09:16Z,556.0,618.268,8.051,26.95,C
2026-01-01T00:09:16Z,556.5,621.398,6.261,23.72,A
2026-01-01T00:09:17Z,557.0,625.063,7.330,25.33,B
2026-01-01T00:09:17Z,557.5,629.022,7.918,27.05,C
2026-01-01T00:09:18Z,558.0,632.193,6.342,23.38,A
2026-01-01T00:09:18Z,558.5,635.834,7.282,25.68,B
2026-01-01T00:09:19Z,559.0,639.833,7.997,26.41,C
2026-01-01T00:09:19Z,559.5,642.976,6.286,24.22,A
2026-01-01T00:09:20Z,560.0,646.544,7.137,25.47,B
2026-01-01T00:09:20Z,560.5,650.528,7.969,26.83,C
2026-01-01T00:09:21Z,561.0,653.984,6.910,23.55,A
2026-01-01T00:09:21Z,561.5,657.681,7.394,25.43,B
2026-01-01T00:09:22Z,562.0,661.881,8.400,26.87,C
2026-01-01T00:09:22Z,562.5,665.250,6.737,23.36,A
2026-01-01T00:09:23Z,563.0,669.102,7.705,25.09,B
2026-01-01T00:09:23Z,563.5,673.385,8.566,26.75,C
2026-01-01T00:09:24Z,564.0,676.785,6.800,24.31,A
2026-01-01T00:09:24Z,564.5,680.623,7.676,25.79,B
2026-01-01T00:09:25Z,565.0,684.930,8.615,26.85,C
2026-01-01T00:09:25Z,565.5,688.397,6.934,23.49,A
2026-01-01T00:09:26Z,566.0,692.417,8.040,25.27,B
2026-01-01T00:09:26Z,566.5,696.823,8.811,26.50,C
2026-01-01T00:09:27Z,567.0,700.427,7.210,23.98,A
2026-01-01T00:09:27Z,567.5,704.529,8.203,25.48,B
2026-01-01T00:09:28Z,568.0,708.948,8.838,27.00,C
2026-01-01T00:09:28Z,568.5,712.643,7.390,23.79,A
2026-01-01T00:09:29Z,569.0,716.769,8.253,25.12,B
2026-01-01T00:09:29Z,569.5,721.147,8.755,26.47,C
2026-01-01T00:09:30Z,570.0,725.018,7.742,24.21,A
2026-01-01T00:09:30Z,570.5,729.266,8.496,25.08,B
2026-01-01T00:09:31Z,571.0,733.938,9.345,27.11,C
2026-01-01T00:09:31Z,571.5,737.742,7.607,23.62,A
2026-01-01T00:09:32Z,572.0,741.835,8.187,25.82,B
2026-01-01T00:09:32Z,572.5,746.616,9.562,27.17,C
2026-01-01T00:09:33Z,573.0,750.451,7.670,24.05,A
2026-01-01T00:09:33Z,573.5,754.846,8.789,25.36,B
2026-01-01T00:09:34Z,574.0,759.424,9.157,27.30,C
2026-01-01T00:09:34Z,574.5,763.346,7.844,24.09,A
2026-01-01T00:09:35Z,575.0,767.713,8.734,24.88,B
2026-01-01T00:09:35Z,575.5,772.451,9.476,26.33,C
2026-01-01T00:09:36Z,576.0,776.349,7.796,24.28,A
2026-01-01T00:09:36Z,576.5,780.794,8.889,25.39,B
2026-01-01T00:09:37Z,577.0,785.484,9.379,27.00,C
2026-01-01T00:09:37Z,577.5,789.540,8.113,23.96,A
2026-01-01T00:09:38Z,578.0,794.039,8.999,25.75,B
2026-01-01T00:09:38Z,578.5,798.885,9.691,26.93,C
2026-01-01T00:09:39Z,579.0,802.974,8.177,23.91,A
2026-01-01T00:09:39Z,579.5,807.525,9.103,25.01,B
2026-01-01T00:09:40Z,580.0,812.307,9.564,26.44,C
2026-01-01T00:09:40Z,580.5,816.303,7.992,23.88,A
2026-01-01T00:09:41Z,581.0,820.795,8.984,25.60,B
2026-01-01T00:09:41Z,581.5,825.662,9.733,26.47,C
2026-01-01T00:09:42Z,582.0,829.956,8.590,23.41,A
2026-01-01T00:09:42Z,582.5,834.514,9.116,25.51,B
2026-01-01T00:09:43Z,583.0,839.552,10.076,26.59,C
2026-01-01T00:09:43Z,583.5,843.678,8.252,23.90,A
2026-01-01T00:09:44Z,584.0,848.255,9.153,25.68,B
2026-01-01T00:09:44Z,584.5,853.253,9.996,27.25,C
2026-01-01T00:09:45Z,585.0,857.394,8.283,23.93,A
2026-01-01T00:09:45Z,585.5,862.029,9.271,25.30,B
2026-01-01T00:09:46Z,586.0,867.127,10.195,27.13,C
2026-01-01T00:09:46Z,586.5,871.365,8.476,24.09,A
2026-01-01T00:09:47Z,587.0,875.973,9.216,25.46,B
2026-01-01T00:09:47Z,587.5,881.233,10.521,26.75,C
2026-01-01T00:09:48Z,588.0,885.716,8.966,23.68,A
2026-01-01T00:09:48Z,588.5,890.466,9.500,25.73,B
2026-01-01T00:09:49Z,589.0,895.821,10.711,27.11,C
2026-01-01T00:09:49Z,589.5,900.163,8.683,24.26,A
2026-01-01T00:09:50Z,590.0,904.960,9.594,25.69,B
2026-01-01T00:09:50Z,590.5,910.158,10.396,26.54,C
2026-01-01T00:09:51Z,591.0,914.551,8.786,24.01,A
2026-01-01T00:09:51Z,591.5,919.575,10.047,25.34,B
2026-01-01T00:09:52Z,592.0,924.751,10.351,27.00,C
2026-01-01T00:09:52Z,592.5,929.377,9.253,24.10,A
2026-01-01T00:09:53Z,593.0,934.149,9.542,25.13,B
2026-01-01T00:09:53Z,593.5,939.565,10.834,27.02,C
2026-01-01T00:09:54Z,594.0,944.261,9.392,24.22,A
2026-01-01T00:09:54Z,594.5,949.310,10.099,25.51,B
2026-01-01T00:09:55Z,595.0,954.647,10.674,26.35,C
2026-01-01T00:09:55Z,595.5,959.313,9.331,23.78,A
2026-01-01T00:09:56Z,596.0,964.420,10.214,24.95,B
2026-01-01T00:09:56Z,596.5,969.937,11.034,26.96,C
2026-01-01T00:09:57Z,597.0,974.674,9.475,24.02,A
2026-01-01T00:09:57Z,597.5,979.689,10.029,25.34,B
2026-01-01T00:09:58Z,598.0,985.013,10.649,26.56,C
2026-01-01T00:09:58Z,598.5,989.693,9.358,23.50,A
2026-01-01T00:09:59Z,599.0,994.718,10.051,25.46,B
2026-01-01T00:09:59Z,599.5,1000.226,11.015,27.21,C
2026-01-01T00:10:00Z,600.0,1004.895,9.340,23.87,A
2026-01-01T00:10:00Z,600.5,1009.973,10.155,25.57,B
2026-01-01T00:10:01Z,601.0,1015.522,11.098,27.26,C
2026-01-01T00:10:01Z,601.5,1020.136,9.228,23.45,A
2026-01-01T00:10:02Z,602.0,1025.206,10.139,25.43,B
2026-01-01T00:10:02Z,602.5,1030.789,11.167,26.52,C
2026-01-01T00:10:03Z,603.0,1035.472,9.366,23.91,A
2026-01-01T00:10:03Z,603.5,1040.563,10.181,25.65,B
2026-01-01T00:10:04Z,604.0,1046.015,10.905,27.10,C
2026-01-01T00:10:04Z,604.5,1050.691,9.352,24.03,A
2026-01-01T00:10:05Z,605.0,1055.965,10.547,25.76,B
2026-01-01T00:10:05Z,605.5,1061.684,11.437,26.34,C
2026-01-01T00:10:06Z,606.0,1066.539,9.710,24.23,A
2026-01-01T00:10:06Z,606.5,1071.835,10.593,25.27,B
2026-01-01T00:10:07Z,607.0,1077.534,11.397,26.60,C
2026-01-01T00:10:07Z,607.5,1082.456,9.845,23.72,A
2026-01-01T00:10:08Z,608.0,1087.837,10.762,24.84,B
2026-01-01T00:10:08Z,608.5,1093.509,11.344,26.45,C
2026-01-01T00:10:09Z,609.0,1098.444,9.870,24.29,A
2026-01-01T00:10:09Z,609.5,1103.704,10.520,25.66,B
2026-01-01T00:10:10Z,610.0,1109.293,11.179,26.34,C
2026-01-01T00:10:10Z,610.5,1114.261,9.935,23.73,A
2026-01-01T00:10:11Z,611.0,1119.419,10.317,25.49,B
2026-01-01T00:10:11Z,611.5,1125.229,11.620,26.40,C
2026-01-01T00:10:12Z,612.0,1130.159,9.859,23.66,A
2026-01-01T00:10:12Z,612.5,1135.324,10.331,24.89,B
2026-01-01T00:10:13Z,613.0,1140.897,11.144,26.62,C
2026-01-01T00:10:13Z,613.5,1145.753,9.714,23.85,A
2026-01-01T00:10:14Z,614.0,1151.110,10.713,25.66,B
2026-01-01T00:10:14Z,614.5,1156.942,11.665,26.48,C
2026-01-01T00:10:15Z,615.0,1161.911,9.938,24.19,A
2026-01-01T00:10:15Z,615.5,1167.172,10.522,25.41,B
2026-01-01T00:10:16Z,616.0,1173.060,11.775,26.95,C
2026-01-01T00:10:16Z,616.5,1178.066,10.012,23.62,A
2026-01-01T00:10:17Z,617.0,1183.563,10.996,25.64,B
2026-01-01T00:10:17Z,617.5,1189.265,11.402,26.61,C
2026-01-01T00:10:18Z,618.0,1194.074,9.620,23.79,A
2026-01-01T00:10:18Z,618.5,1199.549,10.949,25.60,B
2026-01-01T00:10:19Z,619.0,1205.209,11.321,26.55,C
2026-01-01T00:10:19Z,619.5,1210.077,9.736,23.57,A
2026-01-01T00:10:20Z,620.0,1215.361,10.568,24.97,B
2026-01-01T00:10:20Z,620.5,1221.153,11.584,27.22,C
2026-01-01T00:10:21Z,621.0,1226.239,10.171,23.93,A
2026-01-01T00:10:21Z,621.5,1231.565,10.653,25.72,B
2026-01-01T00:10:22Z,622.0,1237.263,11.395,26.35,C
2026-01-01T00:10:22Z,622.5,1242.165,9.803,24.10,A
2026-01-01T00:10:23Z,623.0,1247.614,10.898,25.12,B
2026-01-01T00:10:23Z,623.5,1253.321,11.414,26.94,C
2026-01-01T00:10:24Z,624.0,1258.317,9.992,24.10,A
2026-01-01T00:10:24Z,624.5,1263.695,10.756,24.89,B
2026-01-01T00:10:25Z,625.0,1269.362,11.334,26.54,C
2026-01-01T00:10:25Z,625.5,1274.366,10.008,24.02,A
2026-01-01T00:10:26Z,626.0,1279.780,10.829,24.81,B
2026-01-01T00:10:26Z,626.5,1285.715,11.869,26.76,C
2026-01-01T00:10:27Z,627.0,1290.726,10.023,23.50,A
2026-01-01T00:10:27Z,627.5,1296.049,10.646,25.02,B
2026-01-01T00:10:28Z,628.0,1301.881,11.664,27.21,C
2026-01-01T00:10:28Z,628.5,1306.810,9.858,23.65,A
2026-01-01T00:10:29Z,629.0,1312.146,10.672,24.83,B
2026-01-01T00:10:29Z,629.5,1317.799,11.305,27.08,C
2026-01-01T00:10:30Z,630.0,1322.941,10.284,23.34,A
2026-01-01T00:10:30Z,630.5,1328.212,10.542,25.25,B
2026-01-01T00:10:31Z,631.0,1333.951,11.477,26.55,C
2026-01-01T00:10:31Z,631.5,1339.058,10.214,23.49,A
2026-01-01T00:10:32Z,632.0,1344.361,10.606,25.71,B
2026-01-01T00:10:32Z,632.5,1350.191,11.660,26.99,C
2026-01-01T00:10:33Z,633.0,1355.233,10.084,23.32,A
2026-01-01T00:10:33Z,633.5,1360.766,11.066,24.83,B
2026-01-01T00:10:34Z,634.0,1366.472,11.411,26.77,C
2026-01-01T00:10:34Z,634.5,1371.558,10.173,24.25,A
2026-01-01T00:10:35Z,635.0,1376.793,10.470,24.94,B
2026-01-01T00:10:35Z,635.5,1382.428,11.269,26.43,C
2026-01-01T00:10:36Z,636.0,1387.529,10.202,23.38,A
2026-01-01T00:10:36Z,636.5,1392.914,10.771,24.99,B
2026-01-01T00:10:37Z,637.0,1398.537,11.246,26.57,C
2026-01-01T00:10:37Z,637.5,1403.432,9.790,23.84,A
2026-01-01T00:10:38Z,638.0,1408.908,10.951,25.32,B
2026-01-01T00:10:38Z,638.5,1414.677,11.539,26.57,C
2026-01-01T00:10:39Z,639.0,1419.537,9.719,23.77,A
2026-01-01T00:10:39Z,639.5,1424.856,10.639,25.69,B
2026-01-01T00:10:40Z,640.0,1430.516,11.319,26.32,C
2026-01-01T00:10:40Z,640.5,1435.323,9.615,23.61,A
2026-01-01T00:10:41Z,641.0,1440.576,10.506,25.19,B
2026-01-01T00:10:41Z,641.5,1446.422,11.693,27.02,C
2026-01-01T00:10:42Z,642.0,1451.378,9.910,24.12,A
2026-01-01T00:10:42Z,642.5,1456.813,10.871,24.85,B
2026-01-01T00:10:43Z,643.0,1462.586,11.546,26.42,C
2026-01-01T00:10:43Z,643.5,1467.469,9.767,23.68,A
2026-01-01T00:10:44Z,644.0,1472.705,10.471,24.83,B
2026-01-01T00:10:44Z,644.5,1478.311,11.213,26.99,C
2026-01-01T00:10:45Z,645.0,1483.340,10.058,24.20,A
2026-01-01T00:10:45Z,645.5,1488.482,10.284,25.36,B
2026-01-01T00:10:46Z,646.0,1494.068,11.171,26.81,C
2026-01-01T00:10:46Z,646.5,1498.949,9.763,23.45,A
2026-01-01T00:10:47Z,647.0,1504.090,10.281,25.26,B
2026-01-01T00:10:47Z,647.5,1509.613,11.045,27.12,C
2026-01-01T00:10:48Z,648.0,1514.579,9.932,23.30,A
2026-01-01T00:10:48Z,648.5,1519.911,10.664,25.62,B
2026-01-01T00:10:49Z,649.0,1525.406,10.992,26.87,C
2026-01-01T00:10:49Z,649.5,1530.225,9.636,23.46,A
2026-01-01T00:10:50Z,650.0,1535.538,10.626,25.35,B
2026-01-01T00:10:50Z,650.5,1541.241,11.405,27.21,C
2026-01-01T00:10:51Z,651.0,1546.182,9.883,23.94,A
2026-01-01T00:10:51Z,651.5,1551.485,10.607,24.84,B
2026-01-01T00:10:52Z,652.0,1557.019,11.068,26.75,C
2026-01-01T00:10:52Z,652.5,1561.796,9.554,23.64,A
2026-01-01T00:10:53Z,653.0,1567.055,10.518,25.36,B
2026-01-01T00:10:53Z,653.5,1572.714,11.317,26.72,C
2026-01-01T00:10:54Z,654.0,1577.591,9.754,23.63,A
2026-01-01T00:10:54Z,654.5,1582.873,10.565,25.34,B
2026-01-01T00:10:55Z,655.0,1588.361,10.975,26.89,C
2026-01-01T00:10:55Z,655.5,1592.957,9.192,23.96,A
2026-01-01T00:10:56Z,656.0,1598.091,10.267,25.58,B
2026-01-01T00:10:56Z,656.5,1603.456,10.731,26.69,C
2026-01-01T00:10:57Z,657.0,1608.164,9.416,23.33,A
2026-01-01T00:10:57Z,657.5,1613.314,10.300,25.67,B
2026-01-01T00:10:58Z,658.0,1618.812,10.995,27.03,C
2026-01-01T00:10:58Z,658.5,1623.593,9.563,23.72,A
2026-01-01T00:10:59Z,659.0,1628.634,10.081,25.66,B
2026-01-01T00:10:59Z,659.5,1634.112,10.956,26.54,C
2026-01-01T00:11:00Z,660.0,1638.751,9.280,24.03,A
2026-01-01T00:11:00Z,660.5,1643.856,10.208,24.90,B
2026-01-01T00:11:01Z,661.0,1649.144,10.577,26.95,C
2026-01-01T00:11:01Z,661.5,1653.785,9.282,23.99,A
2026-01-01T00:11:02Z,662.0,1658.745,9.920,25.15,B
2026-01-01T00:11:02Z,662.5,1664.234,10.977,26.52,C
2026-01-01T00:11:03Z,663.0,1668.707,8.947,23.29,A
2026-01-01T00:11:03Z,663.5,1673.507,9.599,25.39,B
2026-01-01T00:11:04Z,664.0,1678.867,10.719,26.48,C
2026-01-01T00:11:04Z,664.5,1683.436,9.139,23.43,A
2026-01-01T00:11:05Z,665.0,1688.281,9.690,25.40,B
2026-01-01T00:11:05Z,665.5,1693.634,10.706,26.71,C
2026-01-01T00:11:06Z,666.0,1698.182,9.096,23.73,A
2026-01-01T00:11:06Z,666.5,1703.072,9.781,25.59,B
2026-01-01T00:11:07Z,667.0,1708.318,10.491,26.82,C
2026-01-01T00:11:07Z,667.5,1712.860,9.084,23.29,A
2026-01-01T00:11:08Z,668.0,1717.513,9.306,24.79,B
2026-01-01T00:11:08Z,668.5,1722.639,10.251,26.79,C
2026-01-01T00:11:09Z,669.0,1727.042,8.805,23.93,A
2026-01-01T00:11:09Z,669.5,1731.649,9.214,25.63,B
2026-01-01T00:11:10Z,670.0,1736.707,10.116,27.22,C
2026-01-01T00:11:10Z,670.5,1740.981,8.549,24.10,A
2026-01-01T00:11:11Z,671.0,1745.750,9.538,24.77,B
2026-01-01T00:11:11Z,671.5,1750.843,10.186,26.64,C
2026-01-01T00:11:12Z,672.0,1755.264,8.842,23.48,A
2026-01-01T00:11:12Z,672.5,1759.889,9.250,24.92,B
2026-01-01T00:11:13Z,673.0,1764.781,9.783,26.79,C
2026-01-01T00:11:13Z,673.5,1769.040,8.519,23.41,A
2026-01-01T00:11:14Z,674.0,1773.748,9.416,24.97,B
2026-01-01T00:11:14Z,674.5,1778.869,10.242,26.92,C
2026-01-01T00:11:15Z,675.0,1783.183,8.628,23.68,A
2026-01-01T00:11:15Z,675.5,1787.840,9.314,25.35,B
2026-01-01T00:11:16Z,676.0,1792.843,10.005,26.65,C
2026-01-01T00:11:16Z,676.5,1796.966,8.247,23.51,A
2026-01-01T00:11:17Z,677.0,1801.420,8.907,25.67,B
2026-01-01T00:11:17Z,677.5,1806.178,9.516,27.07,C
2026-01-01T00:11:18Z,678.0,1810.319,8.283,23.40,A
2026-01-01T00:11:18Z,678.5,1814.747,8.855,25.57,B
2026-01-01T00:11:19Z,679.0,1819.579,9.665,26.74,C
2026-01-01T00:11:19Z,679.5,1823.591,8.025,23.41,A
2026-01-01T00:11:20Z,680.0,1828.131,9.079,25.48,B
2026-01-01T00:11:20Z,680.5,1832.840,9.418,26.58,C
2026-01-01T00:11:21Z,681.0,1836.857,8.034,24.10,A
2026-01-01T00:11:21Z,681.5,1841.208,8.701,25.02,B
2026-01-01T00:11:22Z,682.0,1845.881,9.347,26.78,C
2026-01-01T00:11:22Z,682.5,1849.894,8.025,23.93,A
2026-01-01T00:11:23Z,683.0,1854.088,8.389,24.75,B
2026-01-01T00:11:23Z,683.5,1858.792,9.408,26.49,C
2026-01-01T00:11:24Z,684.0,1862.742,7.900,23.39,A
2026-01-01T00:11:24Z,684.5,1867.108,8.732,25.53,B
2026-01-01T00:11:25Z,685.0,1871.630,9.045,26.24,C
2026-01-01T00:11:25Z,685.5,1875.503,7.745,23.34,A
2026-01-01T00:11:26Z,686.0,1879.554,8.103,25.11,B
2026-01-01T00:11:26Z,686.5,1883.991,8.873,26.32,C
2026-01-01T00:11:27Z,687.0,1887.720,7.458,23.88,A
2026-01-01T00:11:27Z,687.5,1891.898,8.357,24.78,B
2026-01-01T00:11:28Z,688.0,1896.236,8.675,26.69,C
2026-01-01T00:11:28Z,688.5,1899.959,7.446,23.43,A
2026-01-01T00:11:29Z,689.0,1904.017,8.116,24.83,B
2026-01-01T00:11:29Z,689.5,1908.544,9.055,27.09,C
2026-01-01T00:11:30Z,690.0,1912.261,7.434,23.61,A
2026-01-01T00:11:30Z,690.5,1916.100,7.678,25.53,B
2026-01-01T00:11:31Z,691.0,1920.425,8.649,26.56,C
2026-01-01T00:11:31Z,691.5,1923.923,6.997,23.92,A
2026-01-01T00:11:32Z,692.0,1927.889,7.932,25.15,B
2026-01-01T00:11:32Z,692.5,1932.095,8.411,26.36,C
2026-01-01T00:11:33Z,693.0,1935.413,6.637,24.17,A
2026-01-01T00:11:33Z,693.5,1939.384,7.941,24.78,B
2026-01-01T00:11:34Z,694.0,1943.619,8.471,27.18,C
2026-01-01T00:11:34Z,694.5,1947.026,6.814,24.18,A
2026-01-01T00:11:35Z,695.0,1950.681,7.310,25.43,B
2026-01-01T00:11:35Z,695.5,1954.922,8.481,26.32,C
2026-01-01T00:11:36Z,696.0,1958.148,6.452,24.15,A
2026-01-01T00:11:36Z,696.5,1961.759,7.223,25.32,B
2026-01-01T00:11:37Z,697.0,1965.950,8.383,26.91,C
2026-01-01T00:11:37Z,697.5,1969.276,6.652,23.50,A
2026-01-01T00:11:38Z,698.0,1973.002,7.450,24.84,B
2026-01-01T00:11:38Z,698.5,1976.968,7.933,26.69,C
2026-01-01T00:11:39Z,699.0,1980.201,6.467,23.23,A
2026-01-01T00:11:39Z,699.5,1983.622,6.841,25.07,B
2026-01-01T00:11:40Z,700.0,1987.442,7.641,27.11,C
2026-01-01T00:11:40Z,700.5,1990.524,6.165,23.78,A
2026-01-01T00:11:41Z,701.0,1993.977,6.905,25.55,B
2026-01-01T00:11:41Z,701.5,1997.954,7.955,27.09,C
2026-01-01T00:11:42Z,702.0,2000.854,5.799,23.80,A
2026-01-01T00:11:42Z,702.5,2004.337,6.966,25.61,B
2026-01-01T00:11:43Z,703.0,2008.129,7.584,26.66,C
2026-01-01T00:11:43Z,703.5,2010.981,5.705,23.20,A
2026-01-01T00:11:44Z,704.0,2014.163,6.364,24.97,B
2026-01-01T00:11:44Z,704.5,2017.929,7.531,26.59,C
2026-01-01T00:11:45Z,705.0,2020.815,5.772,23.46,A
2026-01-01T00:11:45Z,705.5,2024.205,6.780,25.60,B
2026-01-01T00:11:46Z,706.0,2027.756,7.103,26.57,C
2026-01-01T00:11:46Z,706.5,2030.434,5.356,23.58,A
2026-01-01T00:11:47Z,707.0,2033.527,6.186,25.41,B
2026-01-01T00:11:47Z,707.5,2037.015,6.976,26.87,C
2026-01-01T00:11:48Z,708.0,2039.592,5.152,23.89,A
2026-01-01T00:11:48Z,708.5,2042.725,6.266,24.97,B
2026-01-01T00:11:49Z,709.0,2046.272,7.094,27.04,C
2026-01-01T00:11:49Z,709.5,2049.033,5.522,23.87,A
2026-01-01T00:11:50Z,710.0,2052.027,5.988,25.26,B
2026-01-01T00:11:50Z,710.5,2055.491,6.929,26.49,C
2026-01-01T00:11:51Z,711.0,2058.165,5.348,23.96,A
2026-01-01T00:11:51Z,711.5,2061.156,5.981,25.43,B
2026-01-01T00:11:52Z,712.0,2064.326,6.341,26.98,C
2026-01-01T00:11:52Z,712.5,2066.788,4.924,23.86,A
2026-01-01T00:11:53Z,713.0,2069.684,5.792,25.09,B
2026-01-01T00:11:53Z,713.5,2072.978,6.589,27.02,C
2026-01-01T00:11:54Z,714.0,2075.523,5.089,23.18,A
2026-01-01T00:11:54Z,714.5,2078.416,5.786,25.44,B
2026-01-01T00:11:55Z,715.0,2081.586,6.340,26.93,C
2026-01-01T00:11:55Z,715.5,2083.854,4.536,23.57,A
2026-01-01T00:11:56Z,716.0,2086.402,5.096,25.59,B
2026-01-01T00:11:56Z,716.5,2089.552,6.300,26.68,C
2026-01-01T00:11:57Z,717.0,2091.815,4.527,23.98,A
2026-01-01T00:11:57Z,717.5,2094.317,5.004,25.23,B
2026-01-01T00:11:58Z,718.0,2097.358,6.081,26.74,C
2026-01-01T00:11:58Z,718.5,2099.647,4.577,23.41,A
2026-01-01T00:11:59Z,719.0,2102.218,5.142,25.43,B
2026-01-01T00:11:59Z,719.5,2105.074,5.713,27.09,C
2026-01-01T00:12:00Z,720.0,2107.108,4.068,23.30,A
2026-01-01T00:12:00Z,720.5,2109.441,4.666,25.04,B
2026-01-01T00:12:01Z,721.0,2112.391,5.899,27.06,C
2026-01-01T00:12:01Z,721.5,2114.486,4.189,23.81,A
2026-01-01T00:12:02Z,722.0,2116.833,4.694,25.29,B
2026-01-01T00:12:02Z,722.5,2119.582,5.498,27.10,C
2026-01-01T00:12:03Z,723.0,2121.438,3.712,23.54,A
2026-01-01T00:12:03Z,723.5,2123.766,4.656,25.45,B
2026-01-01T00:12:04Z,724.0,2126.468,5.404,26.30,C
2026-01-01T00:12:04Z,724.5,2128.309,3.683,23.41,A
2026-01-01T00:12:05Z,725.0,2130.414,4.209,24.89,B
2026-01-01T00:12:05Z,725.5,2132.809,4.791,26.26,C
2026-01-01T00:12:06Z,726.0,2134.574,3.530,23.93,A
2026-01-01T00:12:06Z,726.5,2136.540,3.932,25.58,B
2026-01-01T00:12:07Z,727.0,2138.984,4.889,26.92,C
2026-01-01T00:12:07Z,727.5,2140.472,2.975,23.21,A
2026-01-01T00:12:08Z,728.0,2142.562,4.180,24.73,B
2026-01-01T00:12:08Z,728.5,2144.789,4.454,26.79,C
2026-01-01T00:12:09Z,729.0,2146.188,2.799,23.54,A
2026-01-01T00:12:09Z,729.5,2148.189,4.002,24.74,B
2026-01-01T00:12:10Z,730.0,2150.568,4.759,27.04,C
2026-01-01T00:12:10Z,730.5,2152.158,3.178,23.74,A
2026-01-01T00:12:11Z,731.0,2154.071,3.826,24.78,B
2026-01-01T00:12:11Z,731.5,2156.280,4.418,27.00,C
2026-01-01T00:12:12Z,732.0,2157.746,2.933,23.29,A
2026-01-01T00:12:12Z,732.5,2159.571,3.650,25.02,B
2026-01-01T00:12:13Z,733.0,2161.671,4.200,26.92,C
2026-01-01T00:12:13Z,733.5,2162.988,2.633,23.44,A
2026-01-01T00:12:14Z,734.0,2164.731,3.485,25.55,B
2026-01-01T00:12:14Z,734.5,2166.829,4.196,26.16,C
2026-01-01T00:12:15Z,735.0,2167.859,2.060,23.69,A
2026-01-01T00:12:15Z,735.5,2169.284,2.849,24.70,B
2026-01-01T00:12:16Z,736.0,2171.309,4.052,26.16,C
2026-01-01T00:12:16Z,736.5,2172.328,2.037,23.41,A
2026-01-01T00:12:17Z,737.0,2173.911,3.166,25.55,B
2026-01-01T00:12:17Z,737.5,2175.819,3.816,26.57,C
2026-01-01T00:12:18Z,738.0,2176.697,1.755,24.07,A
2026-01-01T00:12:18Z,738.5,2177.975,2.557,25.24,B
2026-01-01T00:12:19Z,739.0,2179.790,3.629,26.61,C
2026-01-01T00:12:19Z,739.5,2180.806,2.032,24.04,A
2026-01-01T00:12:20Z,740.0,2182.035,2.459,25.31,B
2026-01-01T00:12:20Z,740.5,2183.552,3.034,26.53,C
2026-01-01T00:12:21Z,741.0,2184.411,1.719,23.37,A
2026-01-01T00:12:21Z,741.5,2185.550,2.278,25.36,B
2026-01-01T00:12:22Z,742.0,2187.010,2.919,27.02,C
2026-01-01T00:12:22Z,742.5,2187.617,1.215,23.32,A
2026-01-01T00:12:23Z,743.0,2188.736,2.237,24.82,B
2026-01-01T00:12:23Z,743.5,2190.291,3.111,26.45,C
2026-01-01T00:12:24Z,744.0,2190.801,1.021,23.76,A
2026-01-01T00:12:24Z,744.5,2191.771,1.939,25.21,B
2026-01-01T00:12:25Z,745.0,2193.015,2.488,26.14,C
2026-01-01T00:12:25Z,745.5,2193.482,0.935,23.60,A
2026-01-01T00:12:26Z,746.0,2194.290,1.616,24.79,B
2026-01-01T00:12:26Z,746.5,2195.658,2.736,26.32,C
2026-01-01T00:12:27Z,747.0,2196.048,0.780,23.95,A
2026-01-01T00:12:27Z,747.5,2197.002,1.908,25.35,B
2026-01-01T00:12:28Z,748.0,2198.068,2.131,26.84,C
2026-01-01T00:12:28Z,748.5,2198.287,0.439,23.88,A
2026-01-01T00:12:29Z,749.0,2198.931,1.288,24.79,B
2026-01-01T00:12:29Z,749.5,2199.989,2.116,26.22,C
2026-01-01T00:12:30Z,750.0,2200.288,0.598,23.90,A
2026-01-01T00:12:30Z,750.5,2200.955,1.335,25.37,B
2026-01-01T00:12:31Z,751.0,2201.840,1.769,26.34,C
2026-01-01T00:12:31Z,751.5,2202.096,0.513,23.39,A
2026-01-01T00:12:32Z,752.0,2202.694,1.196,25.13,B
2026-01-01T00:12:32Z,752.5,2203.482,1.575,26.29,C
2026-01-01T00:12:33Z,753.0,2203.670,0.377,23.97,A
2026-01-01T00:12:33Z,753.5,2204.129,0.918,24.58,B
2026-01-01T00:12:34Z,754.0,2204.783,1.308,27.00,C
2026-01-01T00:12:34Z,754.5,2204.840,0.114,23.76,A
2026-01-01T00:12:35Z,755.0,2205.104,0.529,25.47,B
2026-01-01T00:12:35Z,755.5,2205.681,1.154,26.74,C
2026-01-01T00:12:36Z,756.0,2205.612,-0.139,23.42,A
2026-01-01T00:12:36Z,756.5,2205.948,0.673,24.74,B
2026-01-01T00:12:37Z,757.0,2206.698,1.500,26.98,C
2026-01-01T00:12:37Z,757.5,2206.430,-0.536,23.38,A
2026-01-01T00:12:38Z,758.0,2206.668,0.475,24.89,B
2026-01-01T00:12:38Z,758.5,2207.212,1.089,26.74,C
2026-01-01T00:12:39Z,759.0,2207.032,-0.360,23.80,A
2026-01-01T00:12:39Z,759.5,2207.021,-0.024,24.90,B
2026-01-01T00:12:40Z,760.0,2207.317,0.594,26.85,C
2026-01-01T00:12:40Z,760.5,2207.014,-0.607,23.26,A
2026-01-01T00:12:41Z,761.0,2206.967,-0.093,24.89,B
2026-01-01T00:12:41Z,761.5,2207.233,0.531,26.07,C
2026-01-01T00:12:42Z,762.0,2206.761,-0.944,23.99,A
2026-01-01T00:12:42Z,762.5,2206.531,-0.460,25.29,B
2026-01-01T00:12:43Z,763.0,2206.851,0.639,26.57,C
2026-01-01T00:12:43Z,763.5,2206.362,-0.978,23.46,A
2026-01-01T00:12:44Z,764.0,2206.173,-0.376,24.60,B
2026-01-01T00:12:44Z,764.5,2206.214,0.081,26.62,C
2026-01-01T00:12:45Z,765.0,2205.630,-1.168,23.50,A
2026-01-01T00:12:45Z,765.5,2205.443,-0.375,25.02,B
2026-01-01T00:12:46Z,766.0,2205.467,0.050,26.81,C
2026-01-01T00:12:46Z,766.5,2204.814,-1.306,23.92,A
2026-01-01T00:12:47Z,767.0,2204.452,-0.724,24.74,B
2026-01-01T00:12:47Z,767.5,2204.354,-0.196,26.58,C
2026-01-01T00:12:48Z,768.0,2203.343,-2.022,23.32,A
2026-01-01T00:12:48Z,768.5,2202.927,-0.832,24.77,B
2026-01-01T00:12:49Z,769.0,2202.839,-0.177,26.32,C
2026-01-01T00:12:49Z,769.5,2201.765,-2.148,23.35,A
2026-01-01T00:12:50Z,770.0,2201.117,-1.296,24.79,B
2026-01-01T00:12:50Z,770.5,2200.835,-0.564,26.93,C
2026-01-01T00:12:51Z,771.0,2199.802,-2.066,23.51,A
2026-01-01T00:12:51Z,771.5,2199.045,-1.514,24.80,B
2026-01-01T00:12:52Z,772.0,2198.818,-0.454,26.34,C
2026-01-01T00:12:52Z,772.5,2197.566,-2.505,23.39,A
2026-01-01T00:12:53Z,773.0,2196.840,-1.451,25.44,B
2026-01-01T00:12:53Z,773.5,2196.532,-0.616,26.50,C
2026-01-01T00:12:54Z,774.0,2195.195,-2.675,23.89,A
2026-01-01T00:12:54Z,774.5,2194.188,-2.013,25.08,B
2026-01-01T00:12:55Z,775.0,2193.831,-0.714,26.31,C
2026-01-01T00:12:55Z,775.5,2192.509,-2.644,23.30,A
2026-01-01T00:12:56Z,776.0,2191.525,-1.968,24.60,B
2026-01-01T00:12:56Z,776.5,2190.972,-1.107,26.69,C
2026-01-01T00:12:57Z,777.0,2189.442,-3.060,23.00,A
2026-01-01T00:12:57Z,777.5,2188.315,-2.253,24.84,B
2026-01-01T00:12:58Z,778.0,2187.617,-1.397,26.70,C
2026-01-01T00:12:58Z,778.5,2186.115,-3.005,23.02,A
2026-01-01T00:12:59Z,779.0,2184.832,-2.565,24.93,B
2026-01-01T00:12:59Z,779.5,2183.965,-1.735,26.79,C
2026-01-01T00:13:00Z,780.0,2182.441,-3.048,23.79,A
2026-01-01T00:13:00Z,780.5,2181.249,-2.384,24.69,B
2026-01-01T00:13:01Z,781.0,2180.480,-1.538,26.27,C
2026-01-01T00:13:01Z,781.5,2178.693,-3.573,23.02,A
2026-01-01T00:13:02Z,782.0,2177.345,-2.697,25.43,B
2026-01-01T00:13:02Z,782.5,2176.455,-1.779,26.63,C
2026-01-01T00:13:03Z,783.0,2174.645,-3.620,23.41,A
2026-01-01T00:13:03Z,783.5,2173.365,-2.561,25.47,B
2026-01-01T00:13:04Z,784.0,2172.282,-2.165,26.56,C
2026-01-01T00:13:04Z,784.5,2170.417,-3.731,23.17,A
2026-01-01T00:13:05Z,785.0,2168.930,-2.974,24.55,B
2026-01-01T00:13:05Z,785.5,2167.899,-2.061,26.37,C
2026-01-01T00:13:06Z,786.0,2165.998,-3.804,23.74,A
2026-01-01T00:13:06Z,786.5,2164.341,-3.312,25.41,B
2026-01-01T00:13:07Z,787.0,2163.282,-2.119,26.44,C
2026-01-01T00:13:07Z,787.5,2161.119,-4.325,23.60,A
2026-01-01T00:13:08Z,788.0,2159.510,-3.218,24.67,B
2026-01-01T00:13:08Z,788.5,2158.303,-2.415,26.24,C
2026-01-01T00:13:09Z,789.0,2156.111,-4.383,23.04,A
2026-01-01T00:13:09Z,789.5,2154.399,-3.424,25.21,B
2026-01-01T00:13:10Z,790.0,2153.082,-2.635,26.25,C
2026-01-01T00:13:10Z,790.5,2150.817,-4.529,23.00,A
2026-01-01T00:13:11Z,791.0,2148.888,-3.859,24.70,B
2026-01-01T00:13:11Z,791.5,2147.341,-3.094,25.99,C
2026-01-01T00:13:12Z,792.0,2145.023,-4.636,22.95,A
2026-01-01T00:13:12Z,792.5,2143.108,-3.829,24.44,B
2026-01-01T00:13:13Z,793.0,2141.530,-3.157,26.04,C
2026-01-01T00:13:13Z,793.5,2139.058,-4.944,23.63,A
2026-01-01T00:13:14Z,794.0,2136.931,-4.253,25.22,B
2026-01-01T00:13:14Z,794.5,2135.360,-3.143,26.57,C
2026-01-01T00:13:15Z,795.0,2132.917,-4.887,23.65,A
2026-01-01T00:13:15Z,795.5,2130.753,-4.328,24.84,B
2026-01-01T00:13:16Z,796.0,2128.901,-3.703,25.93,C
2026-01-01T00:13:16Z,796.5,2126.342,-5.119,23.54,A
2026-01-01T00:13:17Z,797.0,2124.320,-4.043,25.26,B
2026-01-01T00:13:17Z,797.5,2122.399,-3.843,26.84,C
2026-01-01T00:13:18Z,798.0,2119.753,-5.291,23.34,A
2026-01-01T00:13:18Z,798.5,2117.410,-4.686,24.51,B
2026-01-01T00:13:19Z,799.0,2115.528,-3.764,26.46,C
2026-01-01T00:13:19Z,799.5,2112.940,-5.176,23.58,A
2026-01-01T00:13:20Z,800.0,2110.527,-4.825,25.01,B
2026-01-01T00:13:20Z,800.5,2108.677,-3.700,26.16,C
2026-01-01T00:13:21Z,801.0,2105.843,-5.669,23.17,A
2026-01-01T00:13:21Z,801.5,2103.586,-4.513,24.56,B
2026-01-01T00:13:22Z,802.0,2101.602,-3.969,26.27,C
2026-01-01T00:13:22Z,802.5,2098.819,-5.565,23.41,A
2026-01-01T00:13:23Z,803.0,2096.259,-5.120,25.26,B
2026-01-01T00:13:23Z,803.5,2094.170,-4.180,25.92,C
2026-01-01T00:13:24Z,804.0,2091.159,-6.022,23.07,A
2026-01-01T00:13:24Z,804.5,2088.554,-5.210,24.56,B
2026-01-01T00:13:25Z,805.0,2086.420,-4.267,26.51,C
2026-01-01T00:13:25Z,805.5,2083.385,-6.071,23.15,A
2026-01-01T00:13:26Z,806.0,2080.799,-5.173,24.77,B
2026-01-01T00:13:26Z,806.5,2078.627,-4.342,26.76,C
2026-01-01T00:13:27Z,807.0,2075.617,-6.021,23.83,A
2026-01-01T00:13:27Z,807.5,2072.856,-5.521,25.24,B
2026-01-01T00:13:28Z,808.0,2070.503,-4.707,26.74,C
2026-01-01T00:13:28Z,808.5,2067.388,-6.229,23.17,A
2026-01-01T00:13:29Z,809.0,2064.549,-5.680,25.24,B
2026-01-01T00:13:29Z,809.5,2062.146,-4.806,26.03,C
2026-01-01T00:13:30Z,810.0,2058.948,-6.396,23.02,A
2026-01-01T00:13:30Z,810.5,2055.970,-5.955,24.64,B
2026-01-01T00:13:31Z,811.0,2053.583,-4.774,26.08,C
2026-01-01T00:13:31Z,811.5,2050.399,-6.368,22.91,A
2026-01-01T00:13:32Z,812.0,2047.434,-5.931,24.38,B
2026-01-01T00:13:32Z,812.5,2044.950,-4.967,26.49,C
2026-01-01T00:13:33Z,813.0,2041.673,-6.555,23.68,A
2026-01-01T00:13:33Z,813.5,2038.809,-5.727,24.79,B
2026-01-01T00:13:34Z,814.0,2036.160,-5.298,26.47,C
2026-01-01T00:13:34Z,814.5,2032.724,-6.872,23.06,A
2026-01-01T00:13:35Z,815.0,2029.649,-6.149,24.75,B
2026-01-01T00:13:35Z,815.5,2027.089,-5.121,25.94,C
2026-01-01T00:13:36Z,816.0,2023.658,-6.863,23.56,A
2026-01-01T00:13:36Z,816.5,2020.660,-5.995,24.93,B
2026-01-01T00:13:37Z,817.0,2017.978,-5.364,25.98,C
2026-01-01T00:13:37Z,817.5,2014.524,-6.907,22.90,A
2026-01-01T00:13:38Z,818.0,2011.369,-6.310,24.46,B
2026-01-01T00:13:38Z,818.5,2008.479,-5.781,26.54,C
2026-01-01T00:13:39Z,819.0,2004.813,-7.331,23.53,A
2026-01-01T00:13:39Z,819.5,2001.477,-6.672,24.44,B
2026-01-01T00:13:40Z,820.0,1998.557,-5.839,26.35,C
2026-01-01T00:13:40Z,820.5,1994.956,-7.203,23.71,A
2026-01-01T00:13:41Z,821.0,1991.604,-6.704,25.28,B
2026-01-01T00:13:41Z,821.5,1988.686,-5.835,26.02,C
2026-01-01T00:13:42Z,822.0,1984.930,-7.512,23.52,A
2026-01-01T00:13:42Z,822.5,1981.631,-6.598,24.45,B
2026-01-01T00:13:43Z,823.0,1978.775,-5.713,26.39,C
2026-01-01T00:13:43Z,823.5,1974.808,-7.934,23.12,A
2026-01-01T00:13:44Z,824.0,1971.469,-6.678,24.38,B
2026-01-01T00:13:44Z,824.5,1968.355,-6.230,26.51,C
2026-01-01T00:13:45Z,825.0,1964.365,-7.980,23.54,A
2026-01-01T00:13:45Z,825.5,1960.894,-6.942,24.59,B
2026-01-01T00:13:46Z,826.0,1957.869,-6.048,25.90,C
2026-01-01T00:13:46Z,826.5,1953.841,-8.057,23.58,A
2026-01-01T00:13:47Z,827.0,1950.316,-7.050,24.54,B
2026-01-01T00:13:47Z,827.5,1947.108,-6.414,26.66,C
2026-01-01T00:13:48Z,828.0,1943.017,-8.184,22.88,A
2026-01-01T00:13:48Z,828.5,1939.404,-7.226,24.52,B
2026-01-01T00:13:49Z,829.0,1936.227,-6.353,26.06,C
2026-01-01T00:13:49Z,829.5,1932.085,-8.285,23.42,A
2026-01-01T00:13:50Z,830.0,1928.555,-7.060,24.86,B
2026-01-01T00:13:50Z,830.5,1925.409,-6.292,26.80,C
2026-01-01T00:13:51Z,831.0,1921.381,-8.057,23.38,A
2026-01-01T00:13:51Z,831.5,1917.621,-7.520,24.38,B
2026-01-01T00:13:52Z,832.0,1914.290,-6.661,25.98,C
2026-01-01T00:13:52Z,832.5,1910.154,-8.273,23.23,A
2026-01-01T00:13:53Z,833.0,1906.397,-7.514,24.87,B
2026-01-01T00:13:53Z,833.5,1903.024,-6.746,26.72,C
2026-01-01T00:13:54Z,834.0,1898.832,-8.384,22.91,A
2026-01-01T00:13:54Z,834.5,1895.123,-7.419,25.03,B
2026-01-01T00:13:55Z,835.0,1891.642,-6.962,26.23,C
2026-01-01T00:13:55Z,835.5,1887.402,-8.478,23.18,A
2026-01-01T00:13:56Z,836.0,1883.579,-7.647,25.28,B
2026-01-01T00:13:56Z,836.5,1879.954,-7.249,26.70,C
2026-01-01T00:13:57Z,837.0,1875.795,-8.318,23.64,A
2026-01-01T00:13:57Z,837.5,1871.862,-7.866,24.94,B
2026-01-01T00:13:58Z,838.0,1868.315,-7.095,26.15,C
2026-01-01T00:13:58Z,838.5,1863.858,-8.913,22.98,A
2026-01-01T00:13:59Z,839.0,1859.883,-7.950,24.56,B
2026-01-01T00:13:59Z,839.5,1856.212,-7.342,26.38,C
2026-01-01T00:14:00Z,840.0,1851.748,-8.927,23.60,A
2026-01-01T00:14:00Z,840.5,1847.611,-8.274,24.50,B
2026-01-01T00:14:01Z,841.0,1843.961,-7.301,25.98,C
2026-01-01T00:14:01Z,841.5,1839.620,-8.682,23.26,A
2026-01-01T00:14:02Z,842.0,1835.432,-8.376,24.47,B
2026-01-01T00:14:02Z,842.5,1831.821,-7.222,26.07,C
2026-01-01T00:14:03Z,843.0,1827.276,-9.089,22.97,A
2026-01-01T00:14:03Z,843.5,1823.031,-8.489,25.01,B
2026-01-01T00:14:04Z,844.0,1819.267,-7.528,26.00,C
2026-01-01T00:14:04Z,844.5,1814.624,-9.287,23.26,A
2026-01-01T00:14:05Z,845.0,1810.557,-8.134,25.20,B
2026-01-01T00:14:05Z,845.5,1806.935,-7.243,25.77,C
2026-01-01T00:14:06Z,846.0,1802.370,-9.131,23.23,A
2026-01-01T00:14:06Z,846.5,1798.208,-8.324,24.67,B
2026-01-01T00:14:07Z,847.0,1794.546,-7.322,26.34,C
2026-01-01T00:14:07Z,847.5,1789.925,-9.242,23.70,A
2026-01-01T00:14:08Z,848.0,1785.717,-8.417,24.25,B
2026-01-01T00:14:08Z,848.5,1781.929,-7.575,26.70,C
2026-01-01T00:14:09Z,849.0,1777.338,-9.183,22.94,A
2026-01-01T00:14:09Z,849.5,1773.190,-8.295,24.27,B
2026-01-01T00:14:10Z,850.0,1769.433,-7.513,25.87,C
2026-01-01T00:14:10Z,850.5,1764.864,-9.139,22.91,A
2026-01-01T00:14:11Z,851.0,1760.475,-8.778,24.48,B
2026-01-01T00:14:11Z,851.5,1756.582,-7.785,26.42,C
2026-01-01T00:14:12Z,852.0,1751.882,-9.401,22.80,A
2026-01-01T00:14:12Z,852.5,1747.701,-8.362,25.06,B
2026-01-01T00:14:13Z,853.0,1743.736,-7.930,25.76,C
2026-01-01T00:14:13Z,853.5,1738.973,-9.525,23.68,A
2026-01-01T00:14:14Z,854.0,1734.764,-8.418,24.39,B
2026-01-01T00:14:14Z,854.5,1730.718,-8.092,26.69,C
2026-01-01T00:14:15Z,855.0,1725.905,-9.626,23.41,A
2026-01-01T00:14:15Z,855.5,1721.660,-8.491,25.04,B
2026-01-01T00:14:16Z,856.0,1717.768,-7.784,26.32,C
2026-01-01T00:14:16Z,856.5,1713.068,-9.400,22.94,A
2026-01-01T00:14:17Z,857.0,1708.788,-8.560,24.42,B
2026-01-01T00:14:17Z,857.5,1704.666,-8.245,26.47,C
2026-01-01T00:14:18Z,858.0,1699.995,-9.341,23.46,A
2026-01-01T00:14:18Z,858.5,1695.606,-8.779,24.29,B
2026-01-01T00:14:19Z,859.0,1691.580,-8.052,25.88,C
2026-01-01T00:14:19Z,859.5,1686.750,-9.660,23.10,A
2026-01-01T00:14:20Z,860.0,1682.192,-9.116,24.74,B
2026-01-01T00:14:20Z,860.5,1678.222,-7.940,26.41,C
2026-01-01T00:14:21Z,861.0,1673.249,-9.945,23.63,A
2026-01-01T00:14:21Z,861.5,1668.907,-8.685,24.55,B
2026-01-01T00:14:22Z,862.0,1664.971,-7.871,25.88,C
2026-01-01T00:14:22Z,862.5,1660.056,-9.831,23.52,A
2026-01-01T00:14:23Z,863.0,1655.439,-9.233,24.58,B
2026-01-01T00:14:23Z,863.5,1651.194,-8.491,25.89,C
2026-01-01T00:14:24Z,864.0,1646.246,-9.896,23.51,A
2026-01-01T00:14:24Z,864.5,1641.773,-8.946,24.27,B
2026-01-01T00:14:25Z,865.0,1637.745,-8.055,26.43,C
2026-01-01T00:14:25Z,865.5,1632.765,-9.960,22.84,A
2026-01-01T00:14:26Z,866.0,1628.308,-8.914,25.11,B
2026-01-01T00:14:26Z,866.5,1624.091,-8.434,26.00,C
2026-01-01T00:14:27Z,867.0,1619.103,-9.976,23.63,A
2026-01-01T00:14:27Z,867.5,1614.426,-9.354,24.18,B
2026-01-01T00:14:28Z,868.0,1610.184,-8.485,26.12,C
2026-01-01T00:14:28Z,868.5,1605.372,-9.624,22.70,A
2026-01-01T00:14:29Z,869.0,1600.905,-8.933,24.68,B
2026-01-01T00:14:29Z,869.5,1596.863,-8.086,26.62,C
2026-01-01T00:14:30Z,870.0,1591.964,-9.797,22.90,A
2026-01-01T00:14:30Z,870.5,1587.520,-8.888,24.16,B
2026-01-01T00:14:31Z,871.0,1583.496,-8.049,26.06,C
2026-01-01T00:14:31Z,871.5,1578.453,-10.086,23.53,A
2026-01-01T00:14:32Z,872.0,1573.875,-9.155,24.53,B
2026-01-01T00:14:32Z,872.5,1569.636,-8.477,26.06,C
2026-01-01T00:14:33Z,873.0,1564.578,-10.117,23.16,A
2026-01-01T00:14:33Z,873.5,1559.974,-9.209,24.40,B
2026-01-01T00:14:34Z,874.0,1555.638,-8.672,25.79,C
2026-01-01T00:14:34Z,874.5,1550.733,-9.811,23.34,A
2026-01-01T00:14:35Z,875.0,1546.268,-8.929,24.28,B
2026-01-01T00:14:35Z,875.5,1542.203,-8.131,26.52,C
2026-01-01T00:14:36Z,876.0,1537.163,-10.080,23.58,A
2026-01-01T00:14:36Z,876.5,1532.712,-8.902,24.97,B
2026-01-01T00:14:37Z,877.0,1528.532,-8.360,26.50,C
2026-01-01T00:14:37Z,877.5,1523.430,-10.204,22.76,A
2026-01-01T00:14:38Z,878.0,1518.723,-9.415,24.82,B
2026-01-01T00:14:38Z,878.5,1514.661,-8.123,25.81,C
2026-01-01T00:14:39Z,879.0,1509.552,-10.218,23.50,A
2026-01-01T00:14:39Z,879.5,1505.066,-8.973,24.24,B
2026-01-01T00:14:40Z,880.0,1500.726,-8.680,25.89,C
2026-01-01T00:14:40Z,880.5,1495.658,-10.136,22.62,A
2026-01-01T00:14:41Z,881.0,1490.952,-9.411,24.94,B
2026-01-01T00:14:41Z,881.5,1486.623,-8.659,26.06,C
2026-01-01T00:14:42Z,882.0,1481.690,-9.866,23.32,A
2026-01-01T00:14:42Z,882.5,1477.036,-9.308,24.24,B
2026-01-01T00:14:43Z,883.0,1472.818,-8.436,25.96,C
2026-01-01T00:14:43Z,883.5,1467.808,-10.020,22.89,A
2026-01-01T00:14:44Z,884.0,1463.208,-9.200,25.07,B
2026-01-01T00:14:44Z,884.5,1458.870,-8.677,25.83,C
2026-01-01T00:14:45Z,885.0,1453.986,-9.768,23.09,A
2026-01-01T00:14:45Z,885.5,1449.484,-9.003,24.17,B
2026-01-01T00:14:46Z,886.0,1445.447,-8.075,25.59,C
2026-01-01T00:14:46Z,886.5,1440.551,-9.792,22.83,A
2026-01-01T00:14:47Z,887.0,1436.036,-9.031,24.89,B
2026-01-01T00:14:47Z,887.5,1431.930,-8.211,26.54,C
2026-01-01T00:14:48Z,888.0,1426.874,-10.112,23.43,A
2026-01-01T00:14:48Z,888.5,1422.340,-9.068,24.26,B
2026-01-01T00:14:49Z,889.0,1418.090,-8.501,25.67,C
2026-01-01T00:14:49Z,889.5,1413.249,-9.683,22.91,A
2026-01-01T00:14:50Z,890.0,1408.644,-9.208,24.20,B
2026-01-01T00:14:50Z,890.5,1404.581,-8.126,26.13,C
2026-01-01T00:14:51Z,891.0,1399.543,-10.077,23.36,A
2026-01-01T00:14:51Z,891.5,1395.009,-9.069,24.86,B
2026-01-01T00:14:52Z,892.0,1390.930,-8.157,26.00,C
2026-01-01T00:14:52Z,892.5,1385.951,-9.957,23.46,A
2026-01-01T00:14:53Z,893.0,1381.325,-9.252,24.16,B
2026-01-01T00:14:53Z,893.5,1377.307,-8.035,26.25,C
2026-01-01T00:14:54Z,894.0,1372.515,-9.584,23.17,A
2026-01-01T00:14:54Z,894.5,1368.151,-8.729,24.49,B
2026-01-01T00:14:55Z,895.0,1363.912,-8.478,26.22,C
2026-01-01T00:14:55Z,895.5,1358.935,-9.953,22.94,A
2026-01-01T00:14:56Z,896.0,1354.400,-9.071,24.37,B
2026-01-01T00:14:56Z,896.5,1350.316,-8.169,26.15,C
2026-01-01T00:14:57Z,897.0,1345.304,-10.023,23.44,A
2026-01-01T00:14:57Z,897.5,1340.782,-9.043,24.78,B
2026-01-01T00:14:58Z,898.0,1336.667,-8.230,25.66,C
2026-01-01T00:14:58Z,898.5,1331.754,-9.826,22.76,A
2026-01-01T00:14:59Z,899.0,1327.241,-9.026,24.70,B
2026-01-01T00:14:59Z,899.5,1323.248,-7.987,25.73,C
2026-01-01T00:15:00Z,900.0,1318.470,-9.555,23.15,A
2026-01-01T00:15:00Z,900.5,1313.938,-9.065,24.61,B
2026-01-01T00:15:01Z,901.0,1309.782,-8.312,26.19,C
2026-01-01T00:15:01Z,901.5,1304.897,-9.770,23.12,A
2026-01-01T00:15:02Z,902.0,1300.623,-8.550,24.73,B
2026-01-01T00:15:02Z,902.5,1296.643,-7.960,26.09,C
2026-01-01T00:15:03Z,903.0,1291.779,-9.728,22.99,A
2026-01-01T00:15:03Z,903.5,1287.266,-9.026,24.51,B
2026-01-01T00:15:04Z,904.0,1283.436,-7.659,26.02,C
2026-01-01T00:15:04Z,904.5,1278.748,-9.375,23.42,A
2026-01-01T00:15:05Z,905.0,1274.417,-8.662,24.14,B
2026-01-01T00:15:05Z,905.5,1270.623,-7.588,26.02,C
2026-01-01T00:15:06Z,906.0,1265.870,-9.505,22.57,A
2026-01-01T00:15:06Z,906.5,1261.616,-8.508,24.85,B
2026-01-01T00:15:07Z,907.0,1257.716,-7.802,25.69,C
2026-01-01T00:15:07Z,907.5,1253.077,-9.276,22.69,A
2026-01-01T00:15:08Z,908.0,1248.742,-8.670,24.24,B
2026-01-01T00:15:08Z,908.5,1244.872,-7.740,26.15,C
2026-01-01T00:15:09Z,909.0,1240.222,-9.299,22.66,A
2026-01-01T00:15:09Z,909.5,1235.887,-8.671,24.21,B
2026-01-01T00:15:10Z,910.0,1232.046,-7.683,26.45,C
2026-01-01T00:15:10Z,910.5,1227.460,-9.172,23.35,A
2026-01-01T00:15:11Z,911.0,1223.116,-8.688,24.01,B
2026-01-01T00:15:11Z,911.5,1219.320,-7.591,25.71,C
2026-01-01T00:15:12Z,912.0,1214.674,-9.294,23.21,A
2026-01-01T00:15:12Z,912.5,1210.367,-8.612,24.86,B
2026-01-01T00:15:13Z,913.0,1206.570,-7.596,26.07,C
2026-01-01T00:15:13Z,913.5,1201.873,-9.392,22.54,A
2026-01-01T00:15:14Z,914.0,1197.779,-8.188,24.01,B
2026-01-01T00:15:14Z,914.5,1194.087,-7.384,25.78,C
2026-01-01T00:15:15Z,915.0,1189.508,-9.159,23.43,A
2026-01-01T00:15:15Z,915.5,1185.510,-7.995,24.28,B
2026-01-01T00:15:16Z,916.0,1181.783,-7.454,25.76,C
2026-01-01T00:15:16Z,916.5,1177.191,-9.186,23.42,A
2026-01-01T00:15:17Z,917.0,1173.171,-8.039,24.68,B
2026-01-01T00:15:17Z,917.5,1169.498,-7.347,25.67,C
2026-01-01T00:15:18Z,918.0,1165.101,-8.794,22.70,A
2026-01-01T00:15:18Z,918.5,1161.203,-7.796,24.90,B
2026-01-01T00:15:19Z,919.0,1157.736,-6.933,25.67,C
2026-01-01T00:15:19Z,919.5,1153.283,-8.907,23.31,A
2026-01-01T00:15:20Z,920.0,1149.295,-7.975,24.51,B
2026-01-01T00:15:20Z,920.5,1145.797,-6.996,25.66,C
2026-01-01T00:15:21Z,921.0,1141.439,-8.716,22.53,A
2026-01-01T00:15:21Z,921.5,1137.367,-8.144,24.91,B
2026-01-01T00:15:22Z,922.0,1133.918,-6.898,26.06,C
2026-01-01T00:15:22Z,922.5,1129.530,-8.776,22.73,A
2026-01-01T00:15:23Z,923.0,1125.772,-7.515,24.93,B
2026-01-01T00:15:23Z,923.5,1122.348,-6.849,26.36,C
2026-01-01T00:15:24Z,924.0,1118.065,-8.565,23.28,A
2026-01-01T00:15:24Z,924.5,1114.299,-7.532,24.15,B
2026-01-01T00:15:25Z,925.0,1111.008,-6.583,25.44,C
2026-01-01T00:15:25Z,925.5,1106.737,-8.541,22.92,A
2026-01-01T00:15:26Z,926.0,1103.085,-7.305,24.28,B
2026-01-01T00:15:26Z,926.5,1099.601,-6.968,26.15,C
2026-01-01T00:15:27Z,927.0,1095.503,-8.197,22.54,A
2026-01-01T00:15:27Z,927.5,1091.828,-7.350,24.31,B
2026-01-01T00:15:28Z,928.0,1088.490,-6.676,26.36,C
2026-01-01T00:15:28Z,928.5,1084.493,-7.993,23.39,A
2026-01-01T00:15:29Z,929.0,1080.876,-7.235,24.30,B
2026-01-01T00:15:29Z,929.5,1077.578,-6.596,25.55,C
2026-01-01T00:15:30Z,930.0,1073.406,-8.343,22.92,A
2026-01-01T00:15:30Z,930.5,1069.681,-7.451,24.49,B
2026-01-01T00:15:31Z,931.0,1066.390,-6.582,25.91,C
2026-01-01T00:15:31Z,931.5,1062.523,-7.733,22.87,A
2026-01-01T00:15:32Z,932.0,1059.083,-6.879,24.20,B
2026-01-01T00:15:32Z,932.5,1055.826,-6.515,26.11,C
2026-01-01T00:15:33Z,933.0,1051.878,-7.897,23.06,A
2026-01-01T00:15:33Z,933.5,1048.392,-6.971,24.33,B
2026-01-01T00:15:34Z,934.0,1045.261,-6.261,25.61,C
2026-01-01T00:15:34Z,934.5,1041.539,-7.445,22.59,A
2026-01-01T00:15:35Z,935.0,1038.077,-6.924,24.78,B
2026-01-01T00:15:35Z,935.5,1035.142,-5.870,26.37,C
2026-01-01T00:15:36Z,936.0,1031.369,-7.546,22.67,A
2026-01-01T00:15:36Z,936.5,1028.090,-6.558,23.95,B
2026-01-01T00:15:37Z,937.0,1025.253,-5.673,25.83,C
2026-01-01T00:15:37Z,937.5,1021.559,-7.388,23.27,A
2026-01-01T00:15:38Z,938.0,1018.237,-6.644,24.70,B
2026-01-01T00:15:38Z,938.5,1015.432,-5.611,25.88,C
2026-01-01T00:15:39Z,939.0,1011.869,-7.125,22.62,A
2026-01-01T00:15:39Z,939.5,1008.502,-6.735,24.58,B
2026-01-01T00:15:40Z,940.0,1005.756,-5.492,25.78,C
2026-01-01T00:15:40Z,940.5,1001.993,-7.526,22.79,A
2026-01-01T00:15:41Z,941.0,998.710,-6.565,23.93,B
2026-01-01T00:15:41Z,941.5,995.831,-5.758,25.96,C
2026-01-01T00:15:42Z,942.0,992.239,-7.185,23.15,A
2026-01-01T00:15:42Z,942.5,989.020,-6.437,24.46,B
2026-01-01T00:15:43Z,943.0,986.238,-5.564,25.64,C
2026-01-01T00:15:43Z,943.5,982.643,-7.190,23.09,A
2026-01-01T00:15:44Z,944.0,979.510,-6.266,24.52,B
2026-01-01T00:15:44Z,944.5,976.921,-5.177,25.90,C
2026-01-01T00:15:45Z,945.0,973.548,-6.747,23.03,A
2026-01-01T00:15:45Z,945.5,970.427,-6.241,24.62,B
2026-01-01T00:15:46Z,946.0,967.856,-5.142,26.16,C
2026-01-01T00:15:46Z,946.5,964.386,-6.940,22.40,A
2026-01-01T00:15:47Z,947.0,961.500,-5.772,24.14,B
2026-01-01T00:15:47Z,947.5,959.139,-4.723,25.64,C
2026-01-01T00:15:48Z,948.0,955.841,-6.596,22.68,A
2026-01-01T00:15:48Z,948.5,952.999,-5.684,24.04,B
2026-01-01T00:15:49Z,949.0,950.701,-4.596,25.60,C
2026-01-01T00:15:49Z,949.5,947.615,-6.172,23.31,A
2026-01-01T00:15:50Z,950.0,944.779,-5.673,24.64,B
2026-01-01T00:15:50Z,950.5,942.534,-4.490,25.36,C
2026-01-01T00:15:51Z,951.0,939.535,-5.997,22.70,A
2026-01-01T00:15:51Z,951.5,936.772,-5.527,24.62,B
2026-01-01T00:15:52Z,952.0,934.381,-4.781,25.34,C
2026-01-01T00:15:52Z,952.5,931.456,-5.851,22.33,A
2026-01-01T00:15:53Z,953.0,928.856,-5.200,24.38,B
2026-01-01T00:15:53Z,953.5,926.616,-4.481,26.14,C
2026-01-01T00:15:54Z,954.0,923.719,-5.793,22.33,A
2026-01-01T00:15:54Z,954.5,921.188,-5.062,24.66,B
2026-01-01T00:15:55Z,955.0,919.014,-4.349,25.43,C
2026-01-01T00:15:55Z,955.5,916.120,-5.787,22.32,A
2026-01-01T00:15:56Z,956.0,913.595,-5.051,24.30,B
2026-01-01T00:15:56Z,956.5,911.444,-4.301,25.88,C
2026-01-01T00:15:57Z,957.0,908.704,-5.482,22.77,A
2026-01-01T00:15:57Z,957.5,906.303,-4.801,23.98,B
2026-01-01T00:15:58Z,958.0,904.168,-4.270,25.76,C
2026-01-01T00:15:58Z,958.5,901.332,-5.673,22.92,A
2026-01-01T00:15:59Z,959.0,898.876,-4.910,24.24,B
2026-01-01T00:15:59Z,959.5,896.972,-3.809,26.07,C
2026-01-01T00:16:00Z,960.0,894.155,-5.635,23.17,A
2026-01-01T00:16:00Z,960.5,891.794,-4.721,24.70,B
2026-01-01T00:16:01Z,961.0,890.058,-3.473,26.17,C
2026-01-01T00:16:01Z,961.5,887.582,-4.951,22.36,A
2026-01-01T00:16:02Z,962.0,885.364,-4.436,24.37,B
2026-01-01T00:16:02Z,962.5,883.564,-3.601,25.93,C
2026-01-01T00:16:03Z,963.0,881.152,-4.823,22.47,A
2026-01-01T00:16:03Z,963.5,879.002,-4.301,24.64,B
2026-01-01T00:16:04Z,964.0,877.282,-3.439,25.35,C
2026-01-01T00:16:04Z,964.5,874.915,-4.735,22.56,A
2026-01-01T00:16:05Z,965.0,872.926,-3.978,23.83,B
2026-01-01T00:16:05Z,965.5,871.359,-3.134,26.07,C
2026-01-01T00:16:06Z,966.0,868.983,-4.752,22.62,A
2026-01-01T00:16:06Z,966.5,867.132,-3.701,24.28,B
2026-01-01T00:16:07Z,967.0,865.621,-3.023,25.43,C
2026-01-01T00:16:07Z,967.5,863.398,-4.445,23.08,A
2026-01-01T00:16:08Z,968.0,861.400,-3.996,24.06,B
2026-01-01T00:16:08Z,968.5,860.026,-2.750,25.40,C
2026-01-01T00:16:09Z,969.0,857.941,-4.169,22.38,A
2026-01-01T00:16:09Z,969.5,856.100,-3.682,24.20,B
2026-01-01T00:16:10Z,970.0,854.655,-2.889,26.15,C
2026-01-01T00:16:10Z,970.5,852.550,-4.211,22.63,A
2026-01-01T00:16:11Z,971.0,850.904,-3.292,24.49,B
2026-01-01T00:16:11Z,971.5,849.666,-2.475,25.88,C
2026-01-01T00:16:12Z,972.0,847.698,-3.936,22.67,A
2026-01-01T00:16:12Z,972.5,846.039,-3.319,23.86,B
2026-01-01T00:16:13Z,973.0,844.923,-2.232,25.61,C
2026-01-01T00:16:13Z,973.5,843.123,-3.600,22.50,A
2026-01-01T00:16:14Z,974.0,841.700,-2.845,24.17,B
2026-01-01T00:16:14Z,974.5,840.518,-2.364,25.61,C
2026-01-01T00:16:15Z,975.0,838.707,-3.622,22.89,A
2026-01-01T00:16:15Z,975.5,837.241,-2.932,23.94,B
2026-01-01T00:16:16Z,976.0,836.147,-2.189,25.81,C
2026-01-01T00:16:16Z,976.5,834.439,-3.416,23.12,A
2026-01-01T00:16:17Z,977.0,833.103,-2.671,24.04,B
2026-01-01T00:16:17Z,977.5,832.290,-1.627,25.85,C
2026-01-01T00:16:18Z,978.0,830.683,-3.213,22.27,A
2026-01-01T00:16:18Z,978.5,829.536,-2.295,24.10,B
2026-01-01T00:16:19Z,979.0,828.772,-1.527,25.28,C
2026-01-01T00:16:19Z,979.5,827.037,-3.470,22.23,A
2026-01-01T00:16:20Z,980.0,825.754,-2.566,23.79,B
2026-01-01T00:16:20Z,980.5,825.136,-1.235,25.75,C
2026-01-01T00:16:21Z,981.0,823.509,-3.255,23.20,A
2026-01-01T00:16:21Z,981.5,822.422,-2.174,24.38,B
2026-01-01T00:16:22Z,982.0,821.834,-1.175,25.55,C
2026-01-01T00:16:22Z,982.5,820.525,-2.617,23.16,A
2026-01-01T00:16:23Z,983.0,819.522,-2.007,24.04,B
2026-01-01T00:16:23Z,983.5,818.953,-1.139,26.02,C
2026-01-01T00:16:24Z,984.0,817.637,-2.631,22.29,A
2026-01-01T00:16:24Z,984.5,816.604,-2.066,24.34,B
2026-01-01T00:16:25Z,985.0,816.043,-1.123,25.95,C
2026-01-01T00:16:25Z,985.5,814.847,-2.391,22.39,A
2026-01-01T00:16:26Z,986.0,813.923,-1.849,24.35,B
2026-01-01T00:16:26Z,986.5,813.456,-0.933,26.15,C
2026-01-01T00:16:27Z,987.0,812.326,-2.261,22.50,A
2026-01-01T00:16:27Z,987.5,811.713,-1.225,24.29,B
2026-01-01T00:16:28Z,988.0,811.487,-0.452,25.96,C
2026-01-01T00:16:28Z,988.5,810.430,-2.114,22.21,A
2026-01-01T00:16:29Z,989.0,809.715,-1.429,24.65,B
2026-01-01T00:16:29Z,989.5,809.571,-0.289,25.19,C
2026-01-01T00:16:30Z,990.0,808.514,-2.113,22.27,A
2026-01-01T00:16:30Z,990.5,807.921,-1.187,24.31,B
2026-01-01T00:16:31Z,991.0,807.959,0.077,25.73,C
2026-01-01T00:16:31Z,991.5,807.100,-1.718,23.08,A
2026-01-01T00:16:32Z,992.0,806.562,-1.077,24.55,B
2026-01-01T00:16:32Z,992.5,806.607,0.091,25.39,C
2026-01-01T00:16:33Z,993.0,805.921,-1.372,22.32,A
2026-01-01T00:16:33Z,993.5,805.613,-0.616,24.11,B
2026-01-01T00:16:34Z,994.0,805.591,-0.045,26.08,C
2026-01-01T00:16:34Z,994.5,804.826,-1.530,22.51,A
2026-01-01T00:16:35Z,995.0,804.625,-0.403,23.91,B
2026-01-01T00:16:35Z,995.5,804.692,0.134,25.44,C
2026-01-01T00:16:36Z,996.0,804.074,-1.235,22.94,A
2026-01-01T00:16:36Z,996.5,803.938,-0.272,24.56,B
2026-01-01T00:16:37Z,997.0,804.112,0.347,25.96,C
2026-01-01T00:16:37Z,997.5,803.770,-0.683,23.11,A
2026-01-01T00:16:38Z,998.0,803.654,-0.233,23.73,B
2026-01-01T00:16:38Z,998.5,804.108,0.908,25.56,C
2026-01-01T00:16:39Z,999.0,803.756,-0.704,22.22,A
2026-01-01T00:16:39Z,999.5,803.932,0.353,24.02,B
2026-01-01T00:16:40Z,1000.0,804.540,1.216,25.13,C
2026-01-01T00:16:40Z,1000.5,804.178,-0.725,22.59,A
2026-01-01T00:16:41Z,1001.0,804.269,0.183,23.82,B
2026-01-01T00:16:41Z,1001.5,804.975,1.412,25.66,C
2026-01-01T00:16:42Z,1002.0,804.900,-0.152,22.63,A
2026-01-01T00:16:42Z,1002.5,805.210,0.621,24.25,B
2026-01-01T00:16:43Z,1003.0,805.757,1.094,25.81,C
2026-01-01T00:16:43Z,1003.5,805.718,-0.078,22.82,A
2026-01-01T00:16:44Z,1004.0,806.034,0.631,23.65,B
2026-01-01T00:16:44Z,1004.5,806.882,1.697,26.07,C
2026-01-01T00:16:45Z,1005.0,806.733,-0.299,22.14,A
2026-01-01T00:16:45Z,1005.5,807.124,0.783,24.33,B
2026-01-01T00:16:46Z,1006.0,807.952,1.656,25.91,C
2026-01-01T00:16:46Z,1006.5,808.141,0.377,22.69,A
2026-01-01T00:16:47Z,1007.0,808.681,1.081,24.23,B
2026-01-01T00:16:47Z,1007.5,809.579,1.796,25.29,C
2026-01-01T00:16:48Z,1008.0,809.871,0.582,22.35,A
2026-01-01T00:16:48Z,1008.5,810.568,1.395,24.10,B
2026-01-01T00:16:49Z,1009.0,811.670,2.205,25.87,C
2026-01-01T00:16:49Z,1009.5,812.047,0.753,22.92,A
2026-01-01T00:16:50Z,1010.0,812.688,1.283,24.41,B
2026-01-01T00:16:50Z,1010.5,813.923,2.470,25.72,C
2026-01-01T00:16:51Z,1011.0,814.188,0.530,23.06,A
2026-01-01T00:16:51Z,1011.5,815.064,1.752,23.96,B
2026-01-01T00:16:52Z,1012.0,816.223,2.317,25.89,C
2026-01-01T00:16:52Z,1012.5,816.720,0.993,22.44,A
2026-01-01T00:16:53Z,1013.0,817.722,2.004,24.56,B
2026-01-01T00:16:53Z,1013.5,819.086,2.729,25.90,C
2026-01-01T00:16:54Z,1014.0,819.657,1.142,22.37,A
2026-01-01T00:16:54Z,1014.5,820.720,2.125,24.26,B
2026-01-01T00:16:55Z,1015.0,822.238,3.037,25.41,C
2026-01-01T00:16:55Z,1015.5,823.005,1.534,22.75,A
2026-01-01T00:16:56Z,1016.0,824.146,2.283,24.40,B
2026-01-01T00:16:56Z,1016.5,825.630,2.967,25.89,C
2026-01-01T00:16:57Z,1017.0,826.475,1.691,23.02,A
2026-01-01T00:16:57Z,1017.5,827.664,2.378,23.61,B
2026-01-01T00:16:58Z,1018.0,829.176,3.024,25.24,C
2026-01-01T00:16:58Z,1018.5,829.889,1.426,22.42,A
2026-01-01T00:16:59Z,1019.0,831.167,2.556,24.53,B
2026-01-01T00:16:59Z,1019.5,832.724,3.114,26.00,C
2026-01-01T00:17:00Z,1020.0,833.651,1.854,22.84,A
2026-01-01T00:17:00Z,1020.5,835.093,2.884,23.89,B
2026-01-01T00:17:01Z,1021.0,836.928,3.670,25.78,C
2026-01-01T00:17:01Z,1021.5,837.882,1.907,22.96,A
2026-01-01T00:17:02Z,1022.0,839.432,3.100,23.54,B
2026-01-01T00:17:02Z,1022.5,841.405,3.945,25.42,C
2026-01-01T00:17:03Z,1023.0,842.639,2.468,22.09,A
2026-01-01T00:17:03Z,1023.5,844.269,3.260,24.04,B
2026-01-01T00:17:04Z,1024.0,846.159,3.781,25.51,C
2026-01-01T00:17:04Z,1024.5,847.447,2.576,22.45,A
2026-01-01T00:17:05Z,1025.0,849.052,3.210,24.40,B
2026-01-01T00:17:05Z,1025.5,851.203,4.301,25.24,C
2026-01-01T00:17:06Z,1026.0,852.485,2.564,22.42,A
2026-01-01T00:17:06Z,1026.5,854.102,3.233,23.71,B
2026-01-01T00:17:07Z,1027.0,856.124,4.045,25.18,C
2026-01-01T00:17:07Z,1027.5,857.470,2.691,22.26,A
2026-01-01T00:17:08Z,1028.0,859.337,3.734,23.60,B
2026-01-01T00:17:08Z,1028.5,861.488,4.302,25.97,C
2026-01-01T00:17:09Z,1029.0,862.968,2.961,22.19,A
2026-01-01T00:17:09Z,1029.5,864.954,3.971,23.52,B
2026-01-01T00:17:10Z,1030.0,867.214,4.521,25.14,C
2026-01-01T00:17:10Z,1030.5,868.736,3.044,22.46,A
2026-01-01T00:17:11Z,1031.0,870.839,4.206,23.99,B
2026-01-01T00:17:11Z,1031.5,873.366,5.055,25.95,C
2026-01-01T00:17:12Z,1032.0,874.867,3.002,22.10,A
2026-01-01T00:17:12Z,1032.5,877.027,4.320,23.78,B
2026-01-01T00:17:13Z,1033.0,879.513,4.971,25.64,C
2026-01-01T00:17:13Z,1033.5,881.216,3.408,22.85,A
2026-01-01T00:17:14Z,1034.0,883.229,4.026,23.75,B
2026-01-01T00:17:14Z,1034.5,885.682,4.905,25.24,C
2026-01-01T00:17:15Z,1035.0,887.641,3.918,22.01,A
2026-01-01T00:17:15Z,1035.5,889.897,4.511,23.70,B
2026-01-01T00:17:16Z,1036.0,892.641,5.488,25.14,C
2026-01-01T00:17:16Z,1036.5,894.614,3.947,22.49,A
2026-01-01T00:17:17Z,1037.0,897.082,4.936,23.55,B
2026-01-01T00:17:17Z,1037.5,899.847,5.530,25.88,C
2026-01-01T00:17:18Z,1038.0,901.840,3.986,22.39,A
2026-01-01T00:17:18Z,1038.5,904.383,5.085,24.30,B
2026-01-01T00:17:19Z,1039.0,907.311,5.857,25.37,C
2026-01-01T00:17:19Z,1039.5,909.332,4.042,22.25,A
2026-01-01T00:17:20Z,1040.0,911.975,5.286,23.54,B
2026-01-01T00:17:20Z,1040.5,914.795,5.639,25.59,C
2026-01-01T00:17:21Z,1041.0,917.067,4.545,22.94,A
2026-01-01T00:17:21Z,1041.5,919.685,5.236,24.32,B
2026-01-01T00:17:22Z,1042.0,922.658,5.945,25.47,C
2026-01-01T00:17:22Z,1042.5,924.980,4.644,22.13,A
2026-01-01T00:17:23Z,1043.0,927.710,5.460,23.87,B
2026-01-01T00:17:23Z,1043.5,930.671,5.922,25.30,C
2026-01-01T00:17:24Z,1044.0,933.069,4.795,22.75,A
2026-01-01T00:17:24Z,1044.5,935.877,5.616,24.17,B
2026-01-01T00:17:25Z,1045.0,939.018,6.282,25.25,C
2026-01-01T00:17:25Z,1045.5,941.395,4.754,22.38,A
2026-01-01T00:17:26Z,1046.0,944.178,5.566,24.32,B
2026-01-01T00:17:26Z,1046.5,947.500,6.645,25.09,C
2026-01-01T00:17:27Z,1047.0,949.879,4.758,22.41,A
2026-01-01T00:17:27Z,1047.5,952.837,5.915,24.13,B
2026-01-01T00:17:28Z,1048.0,956.158,6.643,25.51,C
2026-01-01T00:17:28Z,1048.5,958.760,5.203,22.22,A
2026-01-01T00:17:29Z,1049.0,961.848,6.177,23.77,B
2026-01-01T00:17:29Z,1049.5,965.161,6.626,25.07,C
2026-01-01T00:17:30Z,1050.0,967.856,5.389,22.40,A
2026-01-01T00:17:30Z,1050.5,971.036,6.360,24.30,B
2026-01-01T00:17:31Z,1051.0,974.459,6.845,25.70,C
2026-01-01T00:17:31Z,1051.5,977.243,5.568,22.48,A
2026-01-01T00:17:32Z,1052.0,980.547,6.608,23.59,B
2026-01-01T00:17:32Z,1052.5,984.104,7.115,25.32,C
2026-01-01T00:17:33Z,1053.0,986.842,5.476,22.53,A
2026-01-01T00:17:33Z,1053.5,990.182,6.679,23.89,B
2026-01-01T00:17:34Z,1054.0,993.715,7.066,25.17,C
2026-01-01T00:17:34Z,1054.5,996.665,5.900,22.37,A
2026-01-01T00:17:35Z,1055.0,999.838,6.347,23.66,B
2026-01-01T00:17:35Z,1055.5,1003.583,7.488,25.22,C
2026-01-01T00:17:36Z,1056.0,1006.455,5.744,22.28,A
2026-01-01T00:17:36Z,1056.5,1009.723,6.538,24.29,B
2026-01-01T00:17:37Z,1057.0,1013.480,7.514,25.37,C
2026-01-01T00:17:37Z,1057.5,1016.522,6.083,22.34,A
2026-01-01T00:17:38Z,1058.0,1020.109,7.173,23.55,B
2026-01-01T00:17:38Z,1058.5,1023.992,7.766,25.05,C
2026-01-01T00:17:39Z,1059.0,1026.969,5.955,22.59,A
2026-01-01T00:17:39Z,1059.5,1030.453,6.968,24.13,B
2026-01-01T00:17:40Z,1060.0,1034.408,7.909,24.92,C
2026-01-01T00:17:40Z,1060.5,1037.464,6.113,21.91,A
2026-01-01T00:17:41Z,1061.0,1041.093,7.258,23.79,B
2026-01-01T00:17:41Z,1061.5,1045.061,7.935,25.18,C
2026-01-01T00:17:42Z,1062.0,1048.294,6.467,22.74,A
2026-01-01T00:17:42Z,1062.5,1052.089,7.590,24.20,B
2026-01-01T00:17:43Z,1063.0,1056.264,8.350,25.00,C
2026-01-01T00:17:43Z,1063.5,1059.551,6.572,22.70,A
2026-01-01T00:17:44Z,1064.0,1063.209,7.318,24.10,B
2026-01-01T00:17:44Z,1064.5,1067.263,8.107,25.68,C
2026-01-01T00:17:45Z,1065.0,1070.584,6.643,22.13,A
2026-01-01T00:17:45Z,1065.5,1074.541,7.913,23.48,B
2026-01-01T00:17:46Z,1066.0,1078.900,8.719,25.16,C
2026-01-01T00:17:46Z,1066.5,1082.296,6.792,22.01,A
2026-01-01T00:17:47Z,1067.0,1086.048,7.504,23.74,B
2026-01-01T00:17:47Z,1067.5,1090.339,8.581,25.17,C
2026-01-01T00:17:48Z,1068.0,1093.720,6.763,22.75,A
2026-01-01T00:17:48Z,1068.5,1097.774,8.108,23.98,B
2026-01-01T00:17:49Z,1069.0,1102.038,8.528,25.00,C
2026-01-01T00:17:49Z,1069.5,1105.629,7.181,22.02,A
2026-01-01T00:17:50Z,1070.0,1109.580,7.902,23.57,B
2026-01-01T00:17:50Z,1070.5,1114.099,9.038,25.52,C
2026-01-01T00:17:51Z,1071.0,1117.671,7.144,22.79,A
2026-01-01T00:17:51Z,1071.5,1121.783,8.224,24.14,B
2026-01-01T00:17:52Z,1072.0,1126.336,9.106,25.31,C
2026-01-01T00:17:52Z,1072.5,1130.050,7.427,22.27,A
2026-01-01T00:17:53Z,1073.0,1134.064,8.028,24.28,B
2026-01-01T00:17:53Z,1073.5,1138.582,9.035,24.89,C
2026-01-01T00:17:54Z,1074.0,1142.248,7.332,22.22,A
2026-01-01T00:17:54Z,1074.5,1146.517,8.539,23.83,B
2026-01-01T00:17:55Z,1075.0,1151.092,9.149,25.74,C
2026-01-01T00:17:55Z,1075.5,1154.808,7.432,22.10,A
2026-01-01T00:17:56Z,1076.0,1159.188,8.761,23.80,B
2026-01-01T00:17:56Z,1076.5,1163.863,9.349,24.91,C
2026-01-01T00:17:57Z,1077.0,1167.796,7.867,22.55,A
2026-01-01T00:17:57Z,1077.5,1172.222,8.851,23.44,B
2026-01-01T00:17:58Z,1078.0,1176.987,9.529,25.64,C
2026-01-01T00:17:58Z,1078.5,1181.067,8.160,21.91,A
2026-01-01T00:17:59Z,1079.0,1185.341,8.550,24.22,B
2026-01-01T00:17:59Z,1079.5,1190.106,9.530,25.24,C
2026-01-01T00:18:00Z,1080.0,1194.195,8.178,22.03,A
2026-01-01T00:18:00Z,1080.5,1198.527,8.663,23.87,B
2026-01-01T00:18:01Z,1081.0,1203.418,9.782,25.75,C
2026-01-01T00:18:01Z,1081.5,1207.372,7.909,22.46,A
2026-01-01T00:18:02Z,1082.0,1211.751,8.759,23.89,B
2026-01-01T00:18:02Z,1082.5,1216.704,9.906,25.22,C
2026-01-01T00:18:03Z,1083.0,1220.800,8.192,22.22,A
2026-01-01T00:18:03Z,1083.5,1225.442,9.284,24.15,B
2026-01-01T00:18:04Z,1084.0,1230.390,9.896,25.55,C
2026-01-01T00:18:04Z,1084.5,1234.551,8.321,22.24,A
2026-01-01T00:18:05Z,1085.0,1239.184,9.267,23.91,B
2026-01-01T00:18:05Z,1085.5,1244.185,10.002,25.27,C
2026-01-01T00:18:06Z,1086.0,1248.524,8.678,22.13,A
2026-01-01T00:18:06Z,1086.5,1253.210,9.370,23.43,B
2026-01-01T00:18:07Z,1087.0,1258.416,10.414,24.83,C
2026-01-01T00:18:07Z,1087.5,1262.780,8.728,21.96,A
2026-01-01T00:18:08Z,1088.0,1267.524,9.487,23.29,B
2026-01-01T00:18:08Z,1088.5,1272.583,10.120,24.83,C
2026-01-01T00:18:09Z,1089.0,1276.887,8.608,22.40,A
2026-01-01T00:18:09Z,1089.5,1281.486,9.196,23.83,B
2026-01-01T00:18:10Z,1090.0,1286.615,10.258,25.65,C
2026-01-01T00:18:10Z,1090.5,1290.957,8.684,21.81,A
2026-01-01T00:18:11Z,1091.0,1295.668,9.422,24.15,B
2026-01-01T00:18:11Z,1091.5,1300.867,10.399,25.17,C
2026-01-01T00:18:12Z,1092.0,1305.230,8.725,22.06,A
2026-01-01T00:18:12Z,1092.5,1309.954,9.449,23.84,B
2026-01-01T00:18:13Z,1093.0,1315.093,10.278,24.91,C
2026-01-01T00:18:13Z,1093.5,1319.449,8.710,22.01,A
2026-01-01T00:18:14Z,1094.0,1324.442,9.987,23.47,B
2026-01-01T00:18:14Z,1094.5,1329.591,10.297,25.72,C
2026-01-01T00:18:15Z,1095.0,1334.091,9.000,22.73,A
2026-01-01T00:18:15Z,1095.5,1339.093,10.005,23.73,B
2026-01-01T00:18:16Z,1096.0,1344.401,10.616,24.76,C
2026-01-01T00:18:16Z,1096.5,1348.920,9.038,22.00,A
2026-01-01T00:18:17Z,1097.0,1353.840,9.839,24.12,B
2026-01-01T00:18:17Z,1097.5,1359.244,10.809,25.70,C
2026-01-01T00:18:18Z,1098.0,1363.906,9.324,22.61,A
2026-01-01T00:18:18Z,1098.5,1368.783,9.753,23.77,B
2026-01-01T00:18:19Z,1099.0,1374.285,11.005,25.53,C
2026-01-01T00:18:19Z,1099.5,1378.999,9.428,22.18,A
2026-01-01T00:18:20Z,1100.0,1383.918,9.837,23.77,B
2026-01-01T00:18:20Z,1100.5,1389.380,10.924,25.51,C
2026-01-01T00:18:21Z,1101.0,1393.993,9.227,22.64,A
2026-01-01T00:18:21Z,1101.5,1399.171,10.355,23.99,B
2026-01-01T00:18:22Z,1102.0,1404.720,11.098,25.73,C
2026-01-01T00:18:22Z,1102.5,1409.284,9.128,22.09,A
2026-01-01T00:18:23Z,1103.0,1414.364,10.160,23.66,B
2026-01-01T00:18:23Z,1103.5,1419.924,11.122,25.18,C
2026-01-01T00:18:24Z,1104.0,1424.606,9.363,21.76,A
2026-01-01T00:18:24Z,1104.5,1429.599,9.986,23.72,B
2026-01-01T00:18:25Z,1105.0,1435.085,10.971,24.96,C
2026-01-01T00:18:25Z,1105.5,1439.689,9.209,21.81,A
2026-01-01T00:18:26Z,1106.0,1444.751,10.124,23.70,B
2026-01-01T00:18:26Z,1106.5,1450.239,10.974,25.19,C
2026-01-01T00:18:27Z,1107.0,1455.088,9.699,21.80,A
2026-01-01T00:18:27Z,1107.5,1460.313,10.450,23.98,B
2026-01-01T00:18:28Z,1108.0,1466.030,11.433,25.72,C
2026-01-01T00:18:28Z,1108.5,1470.740,9.420,21.76,A
2026-01-01T00:18:29Z,1109.0,1475.997,10.514,23.76,B
2026-01-01T00:18:29Z,1109.5,1481.739,11.485,25.31,C
2026-01-01T00:18:30Z,1110.0,1486.665,9.852,21.73,A
2026-01-01T00:18:30Z,1110.5,1491.894,10.456,23.41,B
2026-01-01T00:18:31Z,1111.0,1497.443,11.099,24.78,C
2026-01-01T00:18:31Z,1111.5,1502.429,9.973,22.10,A
2026-01-01T00:18:32Z,1112.0,1507.778,10.698,23.98,B
2026-01-01T00:18:32Z,1112.5,1513.538,11.519,25.01,C
2026-01-01T00:18:33Z,1113.0,1518.493,9.909,22.16,A
2026-01-01T00:18:33Z,1113.5,1523.904,10.823,23.88,B
2026-01-01T00:18:34Z,1114.0,1529.712,11.614,25.66,C
2026-01-01T00:18:34Z,1114.5,1534.563,9.703,22.06,A
2026-01-01T00:18:35Z,1115.0,1539.715,10.303,24.03,B
2026-01-01T00:18:35Z,1115.5,1545.457,11.484,24.86,C
2026-01-01T00:18:36Z,1116.0,1550.406,9.899,22.64,A
2026-01-01T00:18:36Z,1116.5,1555.852,10.892,24.19,B
2026-01-01T00:18:37Z,1117.0,1561.527,11.350,24.94,C
2026-01-01T00:18:37Z,1117.5,1566.307,9.560,21.84,A
2026-01-01T00:18:38Z,1118.0,1571.569,10.523,23.82,B
2026-01-01T00:18:38Z,1118.5,1577.160,11.182,25.62,C
2026-01-01T00:18:39Z,1119.0,1582.149,9.977,22.54,A
2026-01-01T00:18:39Z,1119.5,1587.433,10.568,23.71,B
2026-01-01T00:18:40Z,1120.0,1593.310,11.754,24.79,C
2026-01-01T00:18:40Z,1120.5,1598.141,9.661,21.83,A
2026-01-01T00:18:41Z,1121.0,1603.413,10.544,23.36,B
2026-01-01T00:18:41Z,1121.5,1609.037,11.249,24.84,C
2026-01-01T00:18:42Z,1122.0,1613.988,9.901,22.00,A
2026-01-01T00:18:42Z,1122.5,1619.344,10.712,23.68,B
2026-01-01T00:18:43Z,1123.0,1625.181,11.675,25.25,C
2026-01-01T00:18:43Z,1123.5,1630.300,10.239,22.62,A
2026-01-01T00:18:44Z,1124.0,1635.801,11.001,23.69,B
2026-01-01T00:18:44Z,1124.5,1641.508,11.413,25.12,C
2026-01-01T00:18:45Z,1125.0,1646.491,9.967,22.18,A
2026-01-01T00:18:45Z,1125.5,1652.012,11.040,23.84,B
2026-01-01T00:18:46Z,1126.0,1657.933,11.842,24.82,C
2026-01-01T00:18:46Z,1126.5,1662.967,10.068,21.93,A
2026-01-01T00:18:47Z,1127.0,1668.216,10.499,23.17,B
2026-01-01T00:18:47Z,1127.5,1673.973,11.513,24.85,C
2026-01-01T00:18:48Z,1128.0,1678.917,9.889,21.70,A
2026-01-01T00:18:48Z,1128.5,1684.174,10.513,23.41,B
2026-01-01T00:18:49Z,1129.0,1690.040,11.732,25.14,C
2026-01-01T00:18:49Z,1129.5,1695.106,10.131,22.57,A
2026-01-01T00:18:50Z,1130.0,1700.505,10.799,23.74,B
2026-01-01T00:18:50Z,1130.5,1706.215,11.420,25.00,C
2026-01-01T00:18:51Z,1131.0,1711.289,10.149,22.44,A
2026-01-01T00:18:51Z,1131.5,1716.583,10.586,23.34,B
2026-01-01T00:18:52Z,1132.0,1722.371,11.576,25.10,C
2026-01-01T00:18:52Z,1132.5,1727.404,10.067,22.51,A
2026-01-01T00:18:53Z,1133.0,1732.726,10.645,23.24,B
2026-01-01T00:18:53Z,1133.5,1738.400,11.348,24.96,C
2026-01-01T00:18:54Z,1134.0,1743.358,9.915,21.77,A
2026-01-01T00:18:54Z,1134.5,1748.852,10.989,23.50,B
2026-01-01T00:18:55Z,1135.0,1754.571,11.437,24.92,C
2026-01-01T00:18:55Z,1135.5,1759.678,10.214,22.27,A
2026-01-01T00:18:56Z,1136.0,1765.161,10.966,23.26,B
2026-01-01T00:18:56Z,1136.5,1770.849,11.377,25.04,C
2026-01-01T00:18:57Z,1137.0,1775.824,9.950,21.77,A
2026-01-01T00:18:57Z,1137.5,1781.117,10.585,23.21,B
2026-01-01T00:18:58Z,1138.0,1786.769,11.305,24.79,C
2026-01-01T00:18:58Z,1138.5,1791.670,9.802,21.93,A
2026-01-01T00:18:59Z,1139.0,1797.076,10.811,24.13,B
2026-01-01T00:18:59Z,1139.5,1802.869,11.587,25.11,C
2026-01-01T00:19:00Z,1140.0,1807.803,9.868,21.73,A
2026-01-01T00:19:00Z,1140.5,1813.216,10.825,23.58,B
2026-01-01T00:19:01Z,1141.0,1819.025,11.617,25.02,C
2026-01-01T00:19:01Z,1141.5,1823.895,9.741,21.96,A
2026-01-01T00:19:02Z,1142.0,1829.143,10.495,23.39,B
2026-01-01T00:19:02Z,1142.5,1835.027,11.768,24.82,C
2026-01-01T00:19:03Z,1143.0,1840.000,9.946,22.54,A
2026-01-01T00:19:03Z,1143.5,1845.309,10.619,23.44,B
2026-01-01T00:19:04Z,1144.0,1850.925,11.232,24.75,C
2026-01-01T00:19:04Z,1144.5,1855.982,10.114,22.08,A
2026-01-01T00:19:05Z,1145.0,1861.253,10.541,23.16,B
2026-01-01T00:19:05Z,1145.5,1867.034,11.561,24.75,C
2026-01-01T00:19:06Z,1146.0,1871.945,9.823,22.36,A
2026-01-01T00:19:06Z,1146.5,1877.342,10.794,23.97,B
2026-01-01T00:19:07Z,1147.0,1882.970,11.254,24.76,C
2026-01-01T00:19:07Z,1147.5,1887.749,9.559,21.92,A
2026-01-01T00:19:08Z,1148.0,1892.989,10.479,23.30,B
2026-01-01T00:19:08Z,1148.5,1898.556,11.134,25.02,C
2026-01-01T00:19:09Z,1149.0,1903.405,9.699,21.73,A
2026-01-01T00:19:09Z,1149.5,1908.768,10.725,23.19,B
2026-01-01T00:19:10Z,1150.0,1914.394,11.252,24.99,C
2026-01-01T00:19:10Z,1150.5,1919.214,9.640,22.22,A
2026-01-01T00:19:11Z,1151.0,1924.463,10.498,23.70,B
2026-01-01T00:19:11Z,1151.5,1930.169,11.412,24.69,C
2026-01-01T00:19:12Z,1152.0,1935.137,9.936,22.12,A
2026-01-01T00:19:12Z,1152.5,1940.433,10.593,23.29,B
2026-01-01T00:19:13Z,1153.0,1946.037,11.207,25.36,C
2026-01-01T00:19:13Z,1153.5,1950.785,9.497,22.15,A
2026-01-01T00:19:14Z,1154.0,1956.091,10.612,23.62,B
2026-01-01T00:19:14Z,1154.5,1961.684,11.185,25.29,C
2026-01-01T00:19:15Z,1155.0,1966.586,9.805,21.85,A
2026-01-01T00:19:15Z,1155.5,1971.895,10.618,23.83,B
2026-01-01T00:19:16Z,1156.0,1977.421,11.051,24.75,C
2026-01-01T00:19:16Z,1156.5,1982.096,9.351,21.99,A
2026-01-01T00:19:17Z,1157.0,1987.296,10.399,23.49,B
2026-01-01T00:19:17Z,1157.5,1992.690,10.787,24.66,C
2026-01-01T00:19:18Z,1158.0,1997.539,9.698,21.66,A
2026-01-01T00:19:18Z,1158.5,2002.766,10.456,23.99,B
2026-01-01T00:19:19Z,1159.0,2008.296,11.059,25.24,C
2026-01-01T00:19:19Z,1159.5,2013.088,9.583,22.41,A
2026-01-01T00:19:20Z,1160.0,2018.226,10.277,23.83,B
2026-01-01T00:19:20Z,1160.5,2023.816,11.180,24.81,C
2026-01-01T00:19:21Z,1161.0,2028.441,9.250,22.32,A
2026-01-01T00:19:21Z,1161.5,2033.536,10.191,23.47,B
2026-01-01T00:19:22Z,1162.0,2039.114,11.156,24.62,C
2026-01-01T00:19:22Z,1162.5,2043.637,9.046,21.72,A
2026-01-01T00:19:23Z,1163.0,2048.594,9.913,24.00,B
2026-01-01T00:19:23Z,1163.5,2054.133,11.080,25.34,C
2026-01-01T00:19:24Z,1164.0,2058.690,9.112,22.49,A
2026-01-01T00:19:24Z,1164.5,2063.607,9.834,23.60,B
2026-01-01T00:19:25Z,1165.0,2069.026,10.839,24.91,C
2026-01-01T00:19:25Z,1165.5,2073.630,9.207,22.48,A
2026-01-01T00:19:26Z,1166.0,2078.514,9.767,23.83,B
2026-01-01T00:19:26Z,1166.5,2083.700,10.373,25.47,C
2026-01-01T00:19:27Z,1167.0,2088.192,8.984,21.91,A
2026-01-01T00:19:27Z,1167.5,2093.217,10.051,23.15,B
2026-01-01T00:19:28Z,1168.0,2098.496,10.557,25.51,C
2026-01-01T00:19:28Z,1168.5,2102.919,8.846,21.82,A
2026-01-01T00:19:29Z,1169.0,2107.752,9.666,23.72,B
2026-01-01T00:19:29Z,1169.5,2112.912,10.321,25.49,C
2026-01-01T00:19:30Z,1170.0,2117.454,9.083,22.33,A
2026-01-01T00:19:30Z,1170.5,2122.264,9.621,23.47,B
2026-01-01T00:19:31Z,1171.0,2127.372,10.216,24.90,C
2026-01-01T00:19:31Z,1171.5,2131.734,8.724,21.88,A
2026-01-01T00:19:32Z,1172.0,2136.497,9.525,23.06,B
2026-01-01T00:19:32Z,1172.5,2141.730,10.467,25.30,C
2026-01-01T00:19:33Z,1173.0,2146.142,8.824,21.64,A
2026-01-01T00:19:33Z,1173.5,2150.784,9.284,23.27,B
2026-01-01T00:19:34Z,1174.0,2155.897,10.227,25.50,C
2026-01-01T00:19:34Z,1174.5,2160.132,8.471,22.37,A
2026-01-01T00:19:35Z,1175.0,2164.656,9.047,23.71,B
2026-01-01T00:19:35Z,1175.5,2169.668,10.024,24.89,C
2026-01-01T00:19:36Z,1176.0,2173.945,8.555,22.38,A
2026-01-01T00:19:36Z,1176.5,2178.687,9.484,23.44,B
2026-01-01T00:19:37Z,1177.0,2183.685,9.996,24.99,C
2026-01-01T00:19:37Z,1177.5,2187.729,8.088,22.09,A
2026-01-01T00:19:38Z,1178.0,2192.362,9.267,23.95,B
2026-01-01T00:19:38Z,1178.5,2197.219,9.714,25.09,C
2026-01-01T00:19:39Z,1179.0,2201.434,8.429,21.73,A
2026-01-01T00:19:39Z,1179.5,2205.876,8.883,23.45,B
2026-01-01T00:19:40Z,1180.0,2210.820,9.888,25.37,C
2026-01-01T00:19:40Z,1180.5,2214.829,8.020,22.13,A
2026-01-01T00:19:41Z,1181.0,2219.422,9.185,23.98,B
2026-01-01T00:19:41Z,1181.5,2224.355,9.866,24.94,C
2026-01-01T00:19:42Z,1182.0,2228.432,8.154,22.00,A
2026-01-01T00:19:42Z,1182.5,2232.835,8.805,23.38,B
2026-01-01T00:19:43Z,1183.0,2237.762,9.854,25.27,C
2026-01-01T00:19:43Z,1183.5,2241.735,7.947,21.55,A
2026-01-01T00:19:44Z,1184.0,2246.023,8.576,23.88,B
2026-01-01T00:19:44Z,1184.5,2250.623,9.198,25.40,C
2026-01-01T00:19:45Z,1185.0,2254.507,7.770,21.60,A
2026-01-01T00:19:45Z,1185.5,2258.782,8.548,23.81,B
2026-01-01T00:19:46Z,1186.0,2263.310,9.056,25.01,C
2026-01-01T00:19:46Z,1186.5,2267.210,7.800,21.95,A
2026-01-01T00:19:47Z,1187.0,2271.371,8.323,23.62,B
2026-01-01T00:19:47Z,1187.5,2275.987,9.232,24.63,C
2026-01-01T00:19:48Z,1188.0,2279.888,7.801,22.36,A
2026-01-01T00:19:48Z,1188.5,2284.060,8.345,23.93,B
2026-01-01T00:19:49Z,1189.0,2288.637,9.153,24.54,C
2026-01-01T00:19:49Z,1189.5,2292.490,7.706,22.17,A
2026-01-01T00:19:50Z,1190.0,2296.485,7.990,23.03,B
2026-01-01T00:19:50Z,1190.5,2301.039,9.108,24.89,C
2026-01-01T00:19:51Z,1191.0,2304.586,7.094,22.17,A
2026-01-01T00:19:51Z,1191.5,2308.639,8.105,23.83,B
2026-01-01T00:19:52Z,1192.0,2313.084,8.890,24.95,C
2026-01-01T00:19:52Z,1192.5,2316.625,7.082,22.49,A
2026-01-01T00:19:53Z,1193.0,2320.731,8.213,23.06,B
2026-01-01T00:19:53Z,1193.5,2325.227,8.993,25.26,C
2026-01-01T00:19:54Z,1194.0,2328.680,6.905,22.28,A
2026-01-01T00:19:54Z,1194.5,2332.630,7.899,23.63,B
2026-01-01T00:19:55Z,1195.0,2337.023,8.788,24.80,C
2026-01-01T00:19:55Z,1195.5,2340.578,7.110,22.06,A
2026-01-01T00:19:56Z,1196.0,2344.379,7.601,23.97,B
2026-01-01T00:19:56Z,1196.5,2348.466,8.174,25.08,C
2026-01-01T00:19:57Z,1197.0,2351.960,6.989,21.55,A
2026-01-01T00:19:57Z,1197.5,2355.837,7.753,23.52,B
2026-01-01T00:19:58Z,1198.0,2359.998,8.323,24.80,C
2026-01-01T00:19:58Z,1198.5,2363.401,6.805,21.63,A
2026-01-01T00:19:59Z,1199.0,2367.095,7.388,23.36,B
2026-01-01T00:19:59Z,1199.5,2371.184,8.179,24.69,C
2026-01-01T00:20:00Z,1200.0,2374.448,6.528,21.50,A
2026-01-01T00:20:00Z,1200.5,2378.114,7.331,23.57,B
2026-01-01T00:20:01Z,1201.0,2382.011,7.794,24.80,C
2026-01-01T00:20:01Z,1201.5,2385.173,6.324,22.32,A
2026-01-01T00:20:02Z,1202.0,2388.876,7.406,23.57,B
2026-01-01T00:20:02Z,1202.5,2392.892,8.033,24.85,C
2026-01-01T00:20:03Z,1203.0,2396.120,6.456,22.43,A
2026-01-01T00:20:03Z,1203.5,2399.750,7.260,23.60,B
2026-01-01T00:20:04Z,1204.0,2403.483,7.465,24.69,C
2026-01-01T00:20:04Z,1204.5,2406.432,5.899,22.09,A
2026-01-01T00:20:05Z,1205.0,2409.795,6.724,23.41,B
2026-01-01T00:20:05Z,1205.5,2413.657,7.725,24.57,C
2026-01-01T00:20:06Z,1206.0,2416.473,5.633,21.71,A
2026-01-01T00:20:06Z,1206.5,2419.850,6.753,23.21,B
2026-01-01T00:20:07Z,1207.0,2423.685,7.671,25.00,C
2026-01-01T00:20:07Z,1207.5,2426.581,5.793,21.98,A
2026-01-01T00:20:08Z,1208.0,2429.706,6.249,23.61,B
2026-01-01T00:20:08Z,1208.5,2433.362,7.312,25.18,C
2026-01-01T00:20:09Z,1209.0,2436.117,5.509,22.36,A
2026-01-01T00:20:09Z,1209.5,2439.272,6.311,23.74,B
2026-01-01T00:20:10Z,1210.0,2442.675,6.806,25.05,C
2026-01-01T00:20:10Z,1210.5,2445.531,5.711,21.65,A
2026-01-01T00:20:11Z,1211.0,2448.481,5.901,22.98,B
2026-01-01T00:20:11Z,1211.5,2451.915,6.867,25.29,C
2026-01-01T00:20:12Z,1212.0,2454.478,5.126,22.12,A
2026-01-01T00:20:12Z,1212.5,2457.589,6.222,23.21,B
2026-01-01T00:20:13Z,1213.0,2461.100,7.023,25.05,C
2026-01-01T00:20:13Z,1213.5,2463.642,5.084,21.84,A
2026-01-01T00:20:14Z,1214.0,2466.484,5.684,23.80,B
2026-01-01T00:20:14Z,1214.5,2469.893,6.817,24.67,C
2026-01-01T00:20:15Z,1215.0,2472.246,4.707,21.61,A
2026-01-01T00:20:15Z,1215.5,2475.073,5.654,23.32,B
2026-01-01T00:20:16Z,1216.0,2478.436,6.726,25.22,C
2026-01-01T00:20:16Z,1216.5,2480.742,4.610,22.35,A
2026-01-01T00:20:17Z,1217.0,2483.657,5.831,23.92,B
2026-01-01T00:20:17Z,1217.5,2486.807,6.299,25.10,C
2026-01-01T00:20:18Z,1218.0,2489.251,4.888,21.64,A
2026-01-01T00:20:18Z,1218.5,2492.094,5.687,23.24,B
2026-01-01T00:20:19Z,1219.0,2495.116,6.043,24.70,C
2026-01-01T00:20:19Z,1219.5,2497.416,4.600,22.18,A
2026-01-01T00:20:20Z,1220.0,2499.945,5.058,23.17,B
2026-01-01T00:20:20Z,1220.5,2503.076,6.262,25.26,C
2026-01-01T00:20:21Z,1221.0,2505.161,4.170,22.26,A
2026-01-01T00:20:21Z,1221.5,2507.748,5.174,23.38,B
2026-01-01T00:20:22Z,1222.0,2510.778,6.060,25.19,C
2026-01-01T00:20:22Z,1222.5,2512.782,4.007,22.36,A
2026-01-01T00:20:23Z,1223.0,2515.180,4.798,23.73,B
2026-01-01T00:20:23Z,1223.5,2517.990,5.619,24.86,C
2026-01-01T00:20:24Z,1224.0,2519.884,3.789,21.96,A
2026-01-01T00:20:24Z,1224.5,2522.248,4.728,23.26,B
2026-01-01T00:20:25Z,1225.0,2524.894,5.292,24.99,C
2026-01-01T00:20:25Z,1225.5,2526.768,3.749,21.99,A
2026-01-01T00:20:26Z,1226.0,2529.115,4.694,23.87,B
2026-01-01T00:20:26Z,1226.5,2531.758,5.286,25.04,C
2026-01-01T00:20:27Z,1227.0,2533.447,3.377,21.65,A
2026-01-01T00:20:27Z,1227.5,2535.595,4.297,23.49,B
2026-01-01T00:20:28Z,1228.0,2538.060,4.930,24.97,C
2026-01-01T00:20:28Z,1228.5,2539.856,3.592,22.16,A
2026-01-01T00:20:29Z,1229.0,2542.056,4.398,23.54,B
2026-01-01T00:20:29Z,1229.5,2544.595,5.079,25.08,C
2026-01-01T00:20:30Z,1230.0,2546.111,3.032,22.07,A
2026-01-01T00:20:30Z,1230.5,2548.169,4.116,23.23,B
2026-01-01T00:20:31Z,1231.0,2550.633,4.927,24.80,C
2026-01-01T00:20:31Z,1231.5,2552.285,3.304,22.31,A
2026-01-01T00:20:32Z,1232.0,2554.177,3.784,23.73,B
2026-01-01T00:20:32Z,1232.5,2556.386,4.419,24.63,C
2026-01-01T00:20:33Z,1233.0,2557.949,3.125,21.52,A
2026-01-01T00:20:33Z,1233.5,2559.829,3.761,23.67,B
2026-01-01T00:20:34Z,1234.0,2562.023,4.387,24.69,C
2026-01-01T00:20:34Z,1234.5,2563.249,2.452,21.83,A
2026-01-01T00:20:35Z,1235.0,2564.956,3.413,23.40,B
2026-01-01T00:20:35Z,1235.5,2566.973,4.034,24.72,C
2026-01-01T00:20:36Z,1236.0,2568.168,2.391,21.57,A
2026-01-01T00:20:36Z,1236.5,2569.764,3.193,23.80,B
2026-01-01T00:20:37Z,1237.0,2571.891,4.254,24.97,C
2026-01-01T00:20:37Z,1237.5,2573.129,2.476,22.04,A
2026-01-01T00:20:38Z,1238.0,2574.708,3.158,23.38,B
2026-01-01T00:20:38Z,1238.5,2576.684,3.952,24.80,C
2026-01-01T00:20:39Z,1239.0,2577.721,2.075,21.65,A
2026-01-01T00:20:39Z,1239.5,2579.152,2.862,23.67,B
2026-01-01T00:20:40Z,1240.0,2580.846,3.388,25.20,C
2026-01-01T00:20:40Z,1240.5,2581.938,2.183,22.11,A
2026-01-01T00:20:41Z,1241.0,2583.357,2.838,23.06,B
2026-01-01T00:20:41Z,1241.5,2585.053,3.392,24.57,C
2026-01-01T00:20:42Z,1242.0,2585.962,1.820,21.87,A
2026-01-01T00:20:42Z,1242.5,2587.211,2.497,23.91,B
2026-01-01T00:20:43Z,1243.0,2588.834,3.246,25.29,C
2026-01-01T00:20:43Z,1243.5,2589.597,1.526,21.63,A
2026-01-01T00:20:44Z,1244.0,2590.750,2.305,23.32,B
2026-01-01T00:20:44Z,1244.5,2592.308,3.117,24.51,C
2026-01-01T00:20:45Z,1245.0,2593.074,1.532,22.39,A
2026-01-01T00:20:45Z,1245.5,2594.052,1.955,23.73,B
2026-01-01T00:20:46Z,1246.0,2595.479,2.854,24.53,C
2026-01-01T00:20:46Z,1246.5,2596.192,1.427,22.39,A
2026-01-01T00:20:47Z,1247.0,2597.261,2.137,23.72,B
2026-01-01T00:20:47Z,1247.5,2598.734,2.946,25.24,C
2026-01-01T00:20:48Z,1248.0,2599.263,1.058,21.90,A
2026-01-01T00:20:48Z,1248.5,2600.045,1.564,23.67,B
2026-01-01T00:20:49Z,1249.0,2601.443,2.797,25.37,C
2026-01-01T00:20:49Z,1249.5,2602.023,1.160,21.88,A
2026-01-01T00:20:50Z,1250.0,2602.914,1.782,23.30,B
2026-01-01T00:20:50Z,1250.5,2604.202,2.576,24.60,C
2026-01-01T00:20:51Z,1251.0,2604.423,0.441,21.61,A
2026-01-01T00:20:51Z,1251.5,2605.078,1.310,23.09,B
2026-01-01T00:20:52Z,1252.0,2606.166,2.178,25.16,C
2026-01-01T00:20:52Z,1252.5,2606.433,0.534,22.33,A
2026-01-01T00:20:53Z,1253.0,2606.957,1.048,22.92,B
2026-01-01T00:20:53Z,1253.5,2607.895,1.877,25.11,C
2026-01-01T00:20:54Z,1254.0,2607.965,0.140,21.44,A
2026-01-01T00:20:54Z,1254.5,2608.436,0.941,23.81,B
2026-01-01T00:20:55Z,1255.0,2609.274,1.676,24.58,C
2026-01-01T00:20:55Z,1255.5,2609.284,0.021,21.92,A
2026-01-01T00:20:56Z,1256.0,2609.813,1.056,23.58,B
2026-01-01T00:20:56Z,1256.5,2610.731,1.837,24.86,C
2026-01-01T00:20:57Z,1257.0,2610.622,-0.218,21.60,A
2026-01-01T00:20:57Z,1257.5,2610.833,0.423,23.51,B
2026-01-01T00:20:58Z,1258.0,2611.496,1.326,24.76,C
2026-01-01T00:20:58Z,1258.5,2611.345,-0.303,21.45,A
2026-01-01T00:20:59Z,1259.0,2611.566,0.442,23.06,B
2026-01-01T00:20:59Z,1259.5,2612.083,1.035,25.30,C
2026-01-01T00:21:00Z,1260.0,2611.777,-0.612,22.10,A
2026-01-01T00:21:00Z,1260.5,2611.924,0.294,23.25,B
2026-01-01T00:21:01Z,1261.0,2612.593,1.337,24.92,C
2026-01-01T00:21:01Z,1261.5,2612.416,-0.355,21.62,A
2026-01-01T00:21:02Z,1262.0,2612.494,0.156,23.15,B
2026-01-01T00:21:02Z,1262.5,2613.018,1.048,24.47,C
2026-01-01T00:21:03Z,1263.0,2612.543,-0.951,22.35,A
2026-01-01T00:21:03Z,1263.5,2612.525,-0.036,23.37,B
2026-01-01T00:21:04Z,1264.0,2612.815,0.582,25.38,C
2026-01-01T00:21:04Z,1264.5,2612.467,-0.698,21.90,A
2026-01-01T00:21:05Z,1265.0,2612.341,-0.251,23.04,B
2026-01-01T00:21:05Z,1265.5,2612.566,0.449,24.59,C
2026-01-01T00:21:06Z,1266.0,2612.000,-1.131,21.78,A
2026-01-01T00:21:06Z,1266.5,2611.898,-0.205,23.57,B
2026-01-01T00:21:07Z,1267.0,2612.143,0.490,25.10,C
2026-01-01T00:21:07Z,1267.5,2611.389,-1.508,21.89,A
2026-01-01T00:21:08Z,1268.0,2611.033,-0.712,23.35,B
2026-01-01T00:21:08Z,1268.5,2610.968,-0.130,25.26,C
2026-01-01T00:21:09Z,1269.0,2610.338,-1.260,22.34,A
2026-01-01T00:21:09Z,1269.5,2609.835,-1.007,22.95,B
2026-01-01T00:21:10Z,1270.0,2609.795,-0.079,25.25,C
2026-01-01T00:21:10Z,1270.5,2608.966,-1.658,22.04,A
2026-01-01T00:21:11Z,1271.0,2608.336,-1.260,22.93,B
2026-01-01T00:21:11Z,1271.5,2608.343,0.014,24.88,C
2026-01-01T00:21:12Z,1272.0,2607.376,-1.933,21.87,A
2026-01-01T00:21:12Z,1272.5,2606.770,-1.212,23.30,B
2026-01-01T00:21:13Z,1273.0,2606.436,-0.669,24.68,C
2026-01-01T00:21:13Z,1273.5,2605.309,-2.254,21.50,A
2026-01-01T00:21:14Z,1274.0,2604.611,-1.396,23.56,B
2026-01-01T00:21:14Z,1274.5,2604.425,-0.371,25.15,C
2026-01-01T00:21:15Z,1275.0,2603.377,-2.097,21.70,A
2026-01-01T00:21:15Z,1275.5,2602.648,-1.457,23.04,B
2026-01-01T00:21:16Z,1276.0,2602.193,-0.909,24.71,C
2026-01-01T00:21:16Z,1276.5,2600.991,-2.405,22.38,A
2026-01-01T00:21:17Z,1277.0,2599.992,-1.997,23.09,B
2026-01-01T00:21:17Z,1277.5,2599.493,-1.000,25.12,C
2026-01-01T00:21:18Z,1278.0,2598.275,-2.434,21.62,A
2026-01-01T00:21:18Z,1278.5,2597.177,-2.197,23.83,B
2026-01-01T00:21:19Z,1279.0,2596.481,-1.393,24.82,C
2026-01-01T00:21:19Z,1279.5,2594.997,-2.968,21.54,A
2026-01-01T00:21:20Z,1280.0,2594.017,-1.959,23.40,B
2026-01-01T00:21:20Z,1280.5,2593.310,-1.414,24.74,C
2026-01-01T00:21:21Z,1281.0,2591.933,-2.755,22.26,A
2026-01-01T00:21:21Z,1281.5,2590.670,-2.527,23.74,B
2026-01-01T00:21:22Z,1282.0,2589.810,-1.719,24.62,C
2026-01-01T00:21:22Z,1282.5,2588.216,-3.189,22.02,A
2026-01-01T00:21:23Z,1283.0,2587.011,-2.408,23.00,B
2026-01-01T00:21:23Z,1283.5,2586.308,-1.407,25.16,C
2026-01-01T00:21:24Z,1284.0,2584.665,-3.286,22.37,A
2026-01-01T00:21:24Z,1284.5,2583.507,-2.314,23.48,B
2026-01-01T00:21:25Z,1285.0,2582.552,-1.910,25.03,C
2026-01-01T00:21:25Z,1285.5,2580.860,-3.385,21.42,A
2026-01-01T00:21:26Z,1286.0,2579.525,-2.669,23.37,B
2026-01-01T00:21:26Z,1286.5,2578.532,-1.987,24.53,C
2026-01-01T00:21:27Z,1287.0,2576.543,-3.978,21.93,A
2026-01-01T00:21:27Z,1287.5,2575.002,-3.082,23.70,B
2026-01-01T00:21:28Z,1288.0,2574.032,-1.939,24.97,C
2026-01-01T00:21:28Z,1288.5,2572.219,-3.625,21.65,A
2026-01-01T00:21:29Z,1289.0,2570.606,-3.227,23.23,B
2026-01-01T00:21:29Z,1289.5,2569.369,-2.474,24.43,C
2026-01-01T00:21:30Z,1290.0,2567.322,-4.094,21.89,A
2026-01-01T00:21:30Z,1290.5,2565.810,-3.024,23.26,B
2026-01-01T00:21:31Z,1291.0,2564.454,-2.713,25.36,C
2026-01-01T00:21:31Z,1291.5,2562.420,-4.068,21.46,A
2026-01-01T00:21:32Z,1292.0,2560.609,-3.622,23.19,B
2026-01-01T00:21:32Z,1292.5,2559.324,-2.570,24.69,C
2026-01-01T00:21:33Z,1293.0,2557.255,-4.137,22.10,A
2026-01-01T00:21:33Z,1293.5,2555.542,-3.426,23.74,B
2026-01-01T00:21:34Z,1294.0,2554.143,-2.799,24.92,C
2026-01-01T00:21:34Z,1294.5,2551.987,-4.312,21.59,A
2026-01-01T00:21:35Z,1295.0,2550.101,-3.771,23.41,B
2026-01-01T00:21:35Z,1295.5,2548.503,-3.197,24.95,C
2026-01-01T00:21:36Z,1296.0,2546.058,-4.889,22.05,A
2026-01-01T00:21:36Z,1296.5,2543.962,-4.192,23.61,B
2026-01-01T00:21:37Z,1297.0,2542.385,-3.155,25.35,C
2026-01-01T00:21:37Z,1297.5,2539.980,-4.809,22.10,A
2026-01-01T00:21:38Z,1298.0,2537.941,-4.080,23.67,B
2026-01-01T00:21:38Z,1298.5,2536.292,-3.297,25.36,C
2026-01-01T00:21:39Z,1299.0,2533.882,-4.820,22.16,A
2026-01-01T00:21:39Z,1299.5,2531.594,-4.575,22.97,B
2026-01-01T00:21:40Z,1300.0,2529.900,-3.388,25.29,C
2026-01-01T00:21:40Z,1300.5,2527.200,-5.400,22.23,A
2026-01-01T00:21:41Z,1301.0,2524.819,-4.763,23.32,B
2026-01-01T00:21:41Z,1301.5,2522.884,-3.871,25.30,C
2026-01-01T00:21:42Z,1302.0,2520.082,-5.604,21.77,A
2026-01-01T00:21:42Z,1302.5,2517.873,-4.418,23.49,B
2026-01-01T00:21:43Z,1303.0,2516.041,-3.664,24.92,C
2026-01-01T00:21:43Z,1303.5,2513.155,-5.772,21.71,A
2026-01-01T00:21:44Z,1304.0,2510.804,-4.701,23.36,B
2026-01-01T00:21:44Z,1304.5,2508.937,-3.735,24.95,C
2026-01-01T00:21:45Z,1305.0,2506.075,-5.724,21.99,A
2026-01-01T00:21:45Z,1305.5,2503.570,-5.010,23.24,B
2026-01-01T00:21:46Z,1306.0,2501.415,-4.310,24.79,C
2026-01-01T00:21:46Z,1306.5,2498.634,-5.561,21.76,A
2026-01-01T00:21:47Z,1307.0,2496.193,-4.882,23.30,B
2026-01-01T00:21:47Z,1307.5,2494.003,-4.381,25.32,C
2026-01-01T00:21:48Z,1308.0,2491.066,-5.874,21.72,A
2026-01-01T00:21:48Z,1308.5,2488.339,-5.454,23.81,B
2026-01-01T00:21:49Z,1309.0,2486.039,-4.600,25.16,C
2026-01-01T00:21:49Z,1309.5,2483.086,-5.906,21.77,A
2026-01-01T00:21:50Z,1310.0,2480.351,-5.469,22.97,B
2026-01-01T00:21:50Z,1310.5,2478.109,-4.484,24.53,C
2026-01-01T00:21:51Z,1311.0,2475.010,-6.197,21.43,A
2026-01-01T00:21:51Z,1311.5,2472.137,-5.748,23.63,B
2026-01-01T00:21:52Z,1312.0,2469.675,-4.922,24.43,C
2026-01-01T00:21:52Z,1312.5,2466.349,-6.652,21.63,A
2026-01-01T00:21:53Z,1313.0,2463.656,-5.387,23.10,B
2026-01-01T00:21:53Z,1313.5,2461.091,-5.130,24.59,C
2026-01-01T00:21:54Z,1314.0,2457.767,-6.648,21.71,A
2026-01-01T00:21:54Z,1314.5,2454.886,-5.762,23.35,B
2026-01-01T00:21:55Z,1315.0,2452.375,-5.021,25.13,C
2026-01-01T00:21:55Z,1315.5,2449.057,-6.636,21.43,A
2026-01-01T00:21:56Z,1316.0,2445.971,-6.173,23.55,B
2026-01-01T00:21:56Z,1316.5,2443.373,-5.196,24.61,C
2026-01-01T00:21:57Z,1317.0,2440.068,-6.611,22.00,A
2026-01-01T00:21:57Z,1317.5,2437.027,-6.080,23.41,B
2026-01-01T00:21:58Z,1318.0,2434.482,-5.091,25.11,C
2026-01-01T00:21:58Z,1318.5,2431.059,-6.845,22.09,A
2026-01-01T00:21:59Z,1319.0,2427.962,-6.194,23.36,B
2026-01-01T00:21:59Z,1319.5,2425.249,-5.426,25.30,C
2026-01-01T00:22:00Z,1320.0,2421.710,-7.079,21.50,A
2026-01-01T00:22:00Z,1320.5,2418.469,-6.482,23.68,B
2026-01-01T00:22:01Z,1321.0,2415.587,-5.763,24.60,C
2026-01-01T00:22:01Z,1321.5,2411.867,-7.441,22.15,A
2026-01-01T00:22:02Z,1322.0,2408.697,-6.339,23.79,B
2026-01-01T00:22:02Z,1322.5,2405.870,-5.654,25.22,C
2026-01-01T00:22:03Z,1323.0,2402.102,-7.538,22.04,A
2026-01-01T00:22:03Z,1323.5,2398.789,-6.626,23.59,B
2026-01-01T00:22:04Z,1324.0,2395.981,-5.616,24.55,C
2026-01-01T00:22:04Z,1324.5,2392.370,-7.222,22.03,A
2026-01-01T00:22:05Z,1325.0,2388.883,-6.973,23.34,B
2026-01-01T00:22:05Z,1325.5,2385.943,-5.881,25.36,C
2026-01-01T00:22:06Z,1326.0,2382.223,-7.441,22.04,A
2026-01-01T00:22:06Z,1326.5,2378.872,-6.702,23.15,B
2026-01-01T00:22:07Z,1327.0,2375.939,-5.866,24.57,C
2026-01-01T00:22:07Z,1327.5,2372.100,-7.679,21.47,A
2026-01-01T00:22:08Z,1328.0,2368.715,-6.768,22.99,B
2026-01-01T00:22:08Z,1328.5,2365.704,-6.024,25.10,C
2026-01-01T00:22:09Z,1329.0,2361.779,-7.849,21.70,A
2026-01-01T00:22:09Z,1329.5,2358.281,-6.996,23.45,B
2026-01-01T00:22:10Z,1330.0,2355.154,-6.255,24.72,C
2026-01-01T00:22:10Z,1330.5,2351.060,-8.187,21.90,A
2026-01-01T00:22:11Z,1331.0,2347.513,-7.093,23.08,B
2026-01-01T00:22:11Z,1331.5,2344.370,-6.286,25.02,C
2026-01-01T00:22:12Z,1332.0,2340.177,-8.387,21.47,A
2026-01-01T00:22:12Z,1332.5,2336.527,-7.300,23.83,B
2026-01-01T00:22:13Z,1333.0,2333.111,-6.832,25.27,C
2026-01-01T00:22:13Z,1333.5,2329.057,-8.108,21.94,A
2026-01-01T00:22:14Z,1334.0,2325.329,-7.456,23.47,B
2026-01-01T00:22:14Z,1334.5,2322.138,-6.381,24.42,C
2026-01-01T00:22:15Z,1335.0,2317.944,-8.389,21.49,A
2026-01-01T00:22:15Z,1335.5,2314.045,-7.798,23.08,B
2026-01-01T00:22:16Z,1336.0,2310.681,-6.727,24.98,C
2026-01-01T00:22:16Z,1336.5,2306.386,-8.589,22.08,A
2026-01-01T00:22:17Z,1337.0,2302.700,-7.373,23.39,B
2026-01-01T00:22:17Z,1337.5,2299.218,-6.964,25.27,C
2026-01-01T00:22:18Z,1338.0,2295.089,-8.259,21.90,A
2026-01-01T00:22:18Z,1338.5,2291.100,-7.976,23.77,B
2026-01-01T00:22:19Z,1339.0,2287.627,-6.946,24.59,C
2026-01-01T00:22:19Z,1339.5,2283.450,-8.354,21.51,A
2026-01-01T00:22:20Z,1340.0,2279.473,-7.954,23.81,B
2026-01-01T00:22:20Z,1340.5,2275.976,-6.993,24.98,C
2026-01-01T00:22:21Z,1341.0,2271.639,-8.674,21.99,A
2026-01-01T00:22:21Z,1341.5,2267.700,-7.879,23.35,B
2026-01-01T00:22:22Z,1342.0,2264.198,-7.004,24.85,C
2026-01-01T00:22:22Z,1342.5,2259.890,-8.616,21.95,A
2026-01-01T00:22:23Z,1343.0,2255.908,-7.964,23.22,B
2026-01-01T00:22:23Z,1343.5,2252.215,-7.385,25.25,C
2026-01-01T00:22:24Z,1344.0,2247.876,-8.679,22.40,A
2026-01-01T00:22:24Z,1344.5,2243.684,-8.384,23.78,B
2026-01-01T00:22:25Z,1345.0,2240.083,-7.203,24.90,C
2026-01-01T00:22:25Z,1345.5,2235.735,-8.694,22.24,A
2026-01-01T00:22:26Z,1346.0,2231.710,-8.050,23.63,B
2026-01-01T00:22:26Z,1346.5,2228.053,-7.315,25.37,C
2026-01-01T00:22:27Z,1347.0,2223.555,-8.995,21.85,A
2026-01-01T00:22:27Z,1347.5,2219.344,-8.422,23.46,B
2026-01-01T00:22:28Z,1348.0,2215.468,-7.751,25.09,C
2026-01-01T00:22:28Z,1348.5,2210.834,-9.268,22.10,A
2026-01-01T00:22:29Z,1349.0,2206.741,-8.185,23.26,B
2026-01-01T00:22:29Z,1349.5,2203.081,-7.321,24.80,C
2026-01-01T00:22:30Z,1350.0,2198.373,-9.417,22.39,A
2026-01-01T00:22:30Z,1350.5,2194.110,-8.526,23.33,B
2026-01-01T00:22:31Z,1351.0,2190.162,-7.896,25.00,C
2026-01-01T00:22:31Z,1351.5,2185.670,-8.983,21.86,A
2026-01-01T00:22:32Z,1352.0,2181.393,-8.555,23.49,B
2026-01-01T00:22:32Z,1352.5,2177.617,-7.552,25.04,C
2026-01-01T00:22:33Z,1353.0,2173.026,-9.183,21.56,A
2026-01-01T00:22:33Z,1353.5,2168.851,-8.350,23.92,B
2026-01-01T00:22:34Z,1354.0,2164.816,-8.070,25.07,C
2026-01-01T00:22:34Z,1354.5,2159.981,-9.670,21.87,A
2026-01-01T00:22:35Z,1355.0,2155.623,-8.716,23.74,B
2026-01-01T00:22:35Z,1355.5,2151.649,-7.948,25.23,C
2026-01-01T00:22:36Z,1356.0,2146.976,-9.345,22.39,A
2026-01-01T00:22:36Z,1356.5,2142.702,-8.549,23.55,B
2026-01-01T00:22:37Z,1357.0,2138.664,-8.076,24.63,C
2026-01-01T00:22:37Z,1357.5,2133.869,-9.590,22.20,A
2026-01-01T00:22:38Z,1358.0,2129.560,-8.617,23.21,B
2026-01-01T00:22:38Z,1358.5,2125.479,-8.164,25.10,C
2026-01-01T00:22:39Z,1359.0,2120.769,-9.419,22.04,A
2026-01-01T00:22:39Z,1359.5,2116.242,-9.054,23.55,B
2026-01-01T00:22:40Z,1360.0,2112.256,-7.971,24.98,C
2026-01-01T00:22:40Z,1360.5,2107.364,-9.785,21.93,A
2026-01-01T00:22:41Z,1361.0,2102.925,-8.878,23.48,B
2026-01-01T00:22:41Z,1361.5,2098.777,-8.296,25.40,C
2026-01-01T00:22:42Z,1362.0,2093.884,-9.785,22.15,A
2026-01-01T00:22:42Z,1362.5,2089.400,-8.969,23.16,B
2026-01-01T00:22:43Z,1363.0,2085.223,-8.353,24.89,C
2026-01-01T00:22:43Z,1363.5,2080.245,-9.958,22.20,A
2026-01-01T00:22:44Z,1364.0,2075.922,-8.644,23.19,B
2026-01-01T00:22:44Z,1364.5,2071.850,-8.145,24.74,C
2026-01-01T00:22:45Z,1365.0,2066.822,-10.055,22.04,A
2026-01-01T00:22:45Z,1365.5,2062.387,-8.871,23.32,B
2026-01-01T00:22:46Z,1366.0,2058.269,-8.234,24.94,C
2026-01-01T00:22:46Z,1366.5,2053.351,-9.836,21.92,A
2026-01-01T00:22:47Z,1367.0,2048.769,-9.164,23.68,B
2026-01-01T00:22:47Z,1367.5,2044.741,-8.057,25.02,C
2026-01-01T00:22:48Z,1368.0,2039.691,-10.100,21.57,A
2026-01-01T00:22:48Z,1368.5,2035.130,-9.121,23.06,B
2026-01-01T00:22:49Z,1369.0,2030.929,-8.402,25.30,C
2026-01-01T00:22:49Z,1369.5,2025.871,-10.117,21.79,A
2026-01-01T00:22:50Z,1370.0,2021.297,-9.147,23.62,B
2026-01-01T00:22:50Z,1370.5,2017.283,-8.029,25.19,C
2026-01-01T00:22:51Z,1371.0,2012.376,-9.814,22.09,A
2026-01-01T00:22:51Z,1371.5,2007.792,-9.169,23.21,B
2026-01-01T00:22:52Z,1372.0,2003.686,-8.212,24.83,C
2026-01-01T00:22:52Z,1372.5,1998.578,-10.216,22.13,A
2026-01-01T00:22:53Z,1373.0,1994.023,-9.110,23.02,B
2026-01-01T00:22:53Z,1373.5,1989.824,-8.397,24.56,C
2026-01-01T00:22:54Z,1374.0,1984.933,-9.783,22.36,A
2026-01-01T00:22:54Z,1374.5,1980.493,-8.879,23.42,B
2026-01-01T00:22:55Z,1375.0,1976.285,-8.416,24.86,C
2026-01-01T00:22:55Z,1375.5,1971.161,-10.248,21.74,A
2026-01-01T00:22:56Z,1376.0,1966.659,-9.003,23.44,B
2026-01-01T00:22:56Z,1376.5,1962.448,-8.423,25.23,C
2026-01-01T00:22:57Z,1377.0,1957.362,-10.172,21.65,A
2026-01-01T00:22:57Z,1377.5,1952.733,-9.256,23.24,B
2026-01-01T00:22:58Z,1378.0,1948.670,-8.127,25.41,C
2026-01-01T00:22:58Z,1378.5,1943.690,-9.960,21.87,A
2026-01-01T00:22:59Z,1379.0,1938.988,-9.404,23.94,B
2026-01-01T00:22:59Z,1379.5,1934.730,-8.516,25.11,C
2026-01-01T00:23:00Z,1380.0,1929.758,-9.945,21.49,A
2026-01-01T00:23:00Z,1380.5,1925.166,-9.183,23.26,B
2026-01-01T00:23:01Z,1381.0,1920.963,-8.406,25.40,C
2026-01-01T00:23:01Z,1381.5,1916.035,-9.855,22.24,A
2026-01-01T00:23:02Z,1382.0,1911.511,-9.049,23.35,B
2026-01-01T00:23:02Z,1382.5,1907.372,-8.278,24.96,C
2026-01-01T00:23:03Z,1383.0,1902.466,-9.811,22.25,A
2026-01-01T00:23:03Z,1383.5,1897.843,-9.247,23.26,B
2026-01-01T00:23:04Z,1384.0,1893.759,-8.169,24.82,C
2026-01-01T00:23:04Z,1384.5,1888.713,-10.091,21.72,A
2026-01-01T00:23:05Z,1385.0,1884.249,-8.928,23.81,B
2026-01-01T00:23:05Z,1385.5,1879.931,-8.635,24.63,C
2026-01-01T00:23:06Z,1386.0,1874.881,-10.100,22.07,A
2026-01-01T00:23:06Z,1386.5,1870.438,-8.886,23.45,B
2026-01-01T00:23:07Z,1387.0,1866.212,-8.452,25.02,C
2026-01-01T00:23:07Z,1387.5,1861.143,-10.138,22.00,A
2026-01-01T00:23:08Z,1388.0,1856.571,-9.145,23.89,B
2026-01-01T00:23:08Z,1388.5,1852.361,-8.420,24.86,C
2026-01-01T00:23:09Z,1389.0,1847.516,-9.689,21.49,A
2026-01-01T00:23:09Z,1389.5,1843.043,-8.947,23.55,B
2026-01-01T00:23:10Z,1390.0,1838.885,-8.316,24.80,C
2026-01-01T00:23:10Z,1390.5,1833.999,-9.771,22.37,A
2026-01-01T00:23:11Z,1391.0,1829.540,-8.918,23.61,B
2026-01-01T00:23:11Z,1391.5,1825.289,-8.503,24.92,C
2026-01-01T00:23:12Z,1392.0,1820.229,-10.121,22.05,A
2026-01-01T00:23:12Z,1392.5,1815.736,-8.986,23.28,B
2026-01-01T00:23:13Z,1393.0,1811.699,-8.073,24.96,C
2026-01-01T00:23:13Z,1393.5,1806.829,-9.741,22.02,A
2026-01-01T00:23:14Z,1394.0,1802.397,-8.863,23.85,B
2026-01-01T00:23:14Z,1394.5,1798.297,-8.200,24.73,C
2026-01-01T00:23:15Z,1395.0,1793.231,-10.132,22.35,A
2026-01-01T00:23:15Z,1395.5,1788.647,-9.169,23.65,B
2026-01-01T00:23:16Z,1396.0,1784.553,-8.188,24.71,C
2026-01-01T00:23:16Z,1396.5,1779.713,-9.679,21.66,A
2026-01-01T00:23:17Z,1397.0,1775.294,-8.838,23.05,B
2026-01-01T00:23:17Z,1397.5,1771.141,-8.306,25.36,C
2026-01-01T00:23:18Z,1398.0,1766.273,-9.737,21.80,A
2026-01-01T00:23:18Z,1398.5,1761.637,-9.271,23.45,B
2026-01-01T00:23:19Z,1399.0,1757.691,-7.893,25.25,C
2026-01-01T00:23:19Z,1399.5,1752.708,-9.966,22.06,A
2026-01-01T00:23:20Z,1400.0,1748.322,-8.771,23.68,B
2026-01-01T00:23:20Z,1400.5,1744.251,-8.143,25.23,C
2026-01-01T00:23:21Z,1401.0,1739.329,-9.844,21.66,A
2026-01-01T00:23:21Z,1401.5,1734.922,-8.813,23.54,B
2026-01-01T00:23:22Z,1402.0,1730.942,-7.961,25.33,C
2026-01-01T00:23:22Z,1402.5,1726.178,-9.528,21.94,A
2026-01-01T00:23:23Z,1403.0,1721.667,-9.022,23.99,B
2026-01-01T00:23:23Z,1403.5,1717.600,-8.133,25.45,C
2026-01-01T00:23:24Z,1404.0,1712.739,-9.723,22.22,A
2026-01-01T00:23:24Z,1404.5,1708.290,-8.898,23.69,B
2026-01-01T00:23:25Z,1405.0,1704.339,-7.903,25.20,C
2026-01-01T00:23:25Z,1405.5,1699.411,-9.857,22.08,A
2026-01-01T00:23:26Z,1406.0,1695.155,-8.511,23.53,B
2026-01-01T00:23:26Z,1406.5,1691.147,-8.015,24.61,C
2026-01-01T00:23:27Z,1407.0,1686.235,-9.826,21.52,A
2026-01-01T00:23:27Z,1407.5,1681.784,-8.901,23.13,B
2026-01-01T00:23:28Z,1408.0,1677.802,-7.965,25.03,C
2026-01-01T00:23:28Z,1408.5,1673.038,-9.528,21.96,A
2026-01-01T00:23:29Z,1409.0,1668.746,-8.584,23.54,B
2026-01-01T00:23:29Z,1409.5,1664.764,-7.964,25.00,C
2026-01-01T00:23:30Z,1410.0,1659.965,-9.597,22.18,A
2026-01-01T00:23:30Z,1410.5,1655.820,-8.290,23.67,B
2026-01-01T00:23:31Z,1411.0,1651.812,-8.017,25.46,C
2026-01-01T00:23:31Z,1411.5,1647.040,-9.545,21.75,A
2026-01-01T00:23:32Z,1412.0,1642.716,-8.647,23.88,B
2026-01-01T00:23:32Z,1412.5,1638.990,-7.453,24.58,C
2026-01-01T00:23:33Z,1413.0,1634.385,-9.211,21.54,A
2026-01-01T00:23:33Z,1413.5,1630.219,-8.332,23.05,B
2026-01-01T00:23:34Z,1414.0,1626.530,-7.378,24.98,C
2026-01-01T00:23:34Z,1414.5,1621.837,-9.386,21.91,A
2026-01-01T00:23:35Z,1415.0,1617.543,-8.587,23.38,B
2026-01-01T00:23:35Z,1415.5,1613.803,-7.480,24.65,C
2026-01-01T00:23:36Z,1416.0,1609.334,-8.939,22.16,A
2026-01-01T00:23:36Z,1416.5,1605.136,-8.397,23.46,B
2026-01-01T00:23:37Z,1417.0,1601.465,-7.341,24.71,C
2026-01-01T00:23:37Z,1417.5,1596.942,-9.047,22.01,A
2026-01-01T00:23:38Z,1418.0,1592.946,-7.992,23.13,B
2026-01-01T00:23:38Z,1418.5,1589.164,-7.565,25.15,C
2026-01-01T00:23:39Z,1419.0,1584.573,-9.182,21.80,A
2026-01-01T00:23:39Z,1419.5,1580.425,-8.295,23.91,B
2026-01-01T00:23:40Z,1420.0,1576.729,-7.393,25.07,C
2026-01-01T00:23:40Z,1420.5,1572.309,-8.838,21.75,A
2026-01-01T00:23:41Z,1421.0,1568.143,-8.333,23.15,B
2026-01-01T00:23:41Z,1421.5,1564.504,-7.277,25.41,C
2026-01-01T00:23:42Z,1422.0,1560.201,-8.607,22.06,A
2026-01-01T00:23:42Z,1422.5,1556.138,-8.126,23.11,B
2026-01-01T00:23:43Z,1423.0,1552.472,-7.332,25.35,C
2026-01-01T00:23:43Z,1423.5,1548.170,-8.604,21.99,A
2026-01-01T00:23:44Z,1424.0,1544.246,-7.849,23.33,B
2026-01-01T00:23:44Z,1424.5,1540.800,-6.890,25.46,C
2026-01-01T00:23:45Z,1425.0,1536.582,-8.437,22.10,A
2026-01-01T00:23:45Z,1425.5,1532.632,-7.900,23.30,B
2026-01-01T00:23:46Z,1426.0,1529.173,-6.918,24.90,C
2026-01-01T00:23:46Z,1426.5,1524.934,-8.478,22.31,A
2026-01-01T00:23:47Z,1427.0,1521.068,-7.731,23.61,B
2026-01-01T00:23:47Z,1427.5,1517.675,-6.787,25.48,C
2026-01-01T00:23:48Z,1428.0,1513.552,-8.246,22.11,A
2026-01-01T00:23:48Z,1428.5,1509.622,-7.861,23.55,B
2026-01-01T00:23:49Z,1429.0,1506.161,-6.921,24.67,C
2026-01-01T00:23:49Z,1429.5,1501.988,-8.345,22.21,A
2026-01-01T00:23:50Z,1430.0,1498.381,-7.216,23.57,B
2026-01-01T00:23:50Z,1430.5,1495.076,-6.608,25.34,C
2026-01-01T00:23:51Z,1431.0,1490.959,-8.235,22.26,A
2026-01-01T00:23:51Z,1431.5,1487.183,-7.552,23.84,B
2026-01-01T00:23:52Z,1432.0,1483.962,-6.441,25.22,C
2026-01-01T00:23:52Z,1432.5,1479.946,-8.032,22.46,A
2026-01-01T00:23:53Z,1433.0,1476.169,-7.554,23.90,B
2026-01-01T00:23:53Z,1433.5,1473.009,-6.320,24.97,C
2026-01-01T00:23:54Z,1434.0,1469.109,-7.801,22.09,A
2026-01-01T00:23:54Z,1434.5,1465.468,-7.281,23.66,B
2026-01-01T00:23:55Z,1435.0,1462.395,-6.147,25.15,C
2026-01-01T00:23:55Z,1435.5,1458.446,-7.898,21.97,A
2026-01-01T00:23:56Z,1436.0,1454.899,-7.094,23.15,B
2026-01-01T00:23:56Z,1436.5,1451.671,-6.455,24.95,C
2026-01-01T00:23:57Z,1437.0,1447.864,-7.616,22.06,A
2026-01-01T00:23:57Z,1437.5,1444.398,-6.930,23.14,B
2026-01-01T00:23:58Z,1438.0,1441.504,-5.788,24.79,C
2026-01-01T00:23:58Z,1438.5,1437.634,-7.740,22.52,A
2026-01-01T00:23:59Z,1439.0,1434.178,-6.912,24.04,B
2026-01-01T00:23:59Z,1439.5,1431.273,-5.812,24.85,C
2026-01-01T00:24:00Z,1440.0,1427.578,-7.389,21.76,A
2026-01-01T00:24:00Z,1440.5,1424.361,-6.435,23.70,B
2026-01-01T00:24:01Z,1441.0,1421.503,-5.716,25.48,C
2026-01-01T00:24:01Z,1441.5,1417.773,-7.460,21.72,A
2026-01-01T00:24:02Z,1442.0,1414.558,-6.429,23.54,B
2026-01-01T00:24:02Z,1442.5,1411.686,-5.745,25.43,C
2026-01-01T00:24:03Z,1443.0,1407.974,-7.423,21.79,A
2026-01-01T00:24:03Z,1443.5,1404.796,-6.357,23.74,B
2026-01-01T00:24:04Z,1444.0,1402.001,-5.590,24.72,C
2026-01-01T00:24:04Z,1444.5,1398.408,-7.186,22.49,A
2026-01-01T00:24:05Z,1445.0,1395.343,-6.131,23.31,B
2026-01-01T00:24:05Z,1445.5,1392.677,-5.331,25.20,C
2026-01-01T00:24:06Z,1446.0,1389.313,-6.729,21.98,A
2026-01-01T00:24:06Z,1446.5,1386.267,-6.092,23.67,B
2026-01-01T00:24:07Z,1447.0,1383.708,-5.117,25.22,C
2026-01-01T00:24:07Z,1447.5,1380.200,-7.016,22.02,A
2026-01-01T00:24:08Z,1448.0,1377.227,-5.945,23.40,B
2026-01-01T00:24:08Z,1448.5,1374.542,-5.370,25.60,C
2026-01-01T00:24:09Z,1449.0,1371.267,-6.551,21.85,A
2026-01-01T00:24:09Z,1449.5,1368.283,-5.968,23.32,B
2026-01-01T00:24:10Z,1450.0,1365.918,-4.730,24.93,C
2026-01-01T00:24:10Z,1450.5,1362.512,-6.812,22.48,A
2026-01-01T00:24:11Z,1451.0,1359.690,-5.645,23.16,B
2026-01-01T00:24:11Z,1451.5,1357.183,-5.014,24.79,C
2026-01-01T00:24:12Z,1452.0,1353.987,-6.391,22.25,A
2026-01-01T00:24:12Z,1452.5,1351.206,-5.562,23.27,B
2026-01-01T00:24:13Z,1453.0,1348.882,-4.649,24.85,C
2026-01-01T00:24:13Z,1453.5,1345.772,-6.220,22.45,A
2026-01-01T00:24:14Z,1454.0,1343.114,-5.315,23.76,B
2026-01-01T00:24:14Z,1454.5,1340.719,-4.791,25.31,C
2026-01-01T00:24:15Z,1455.0,1337.553,-6.333,22.61,A
2026-01-01T00:24:15Z,1455.5,1335.021,-5.063,23.27,B
2026-01-01T00:24:16Z,1456.0,1332.821,-4.399,25.57,C
2026-01-01T00:24:16Z,1456.5,1329.753,-6.137,21.66,A
2026-01-01T00:24:17Z,1457.0,1327.220,-5.066,23.88,B
2026-01-01T00:24:17Z,1457.5,1325.184,-4.072,24.97,C
2026-01-01T00:24:18Z,1458.0,1322.272,-5.824,22.07,A
2026-01-01T00:24:18Z,1458.5,1319.719,-5.106,23.30,B
2026-01-01T00:24:19Z,1459.0,1317.761,-3.917,25.28,C
2026-01-01T00:24:19Z,1459.5,1314.812,-5.898,22.13,A
2026-01-01T00:24:20Z,1460.0,1312.355,-4.913,23.27,B
2026-01-01T00:24:20Z,1460.5,1310.342,-4.026,24.80,C
2026-01-01T00:24:21Z,1461.0,1307.479,-5.727,22.62,A
2026-01-01T00:24:21Z,1461.5,1305.244,-4.471,23.99,B
2026-01-01T00:24:22Z,1462.0,1303.399,-3.689,24.98,C
2026-01-01T00:24:22Z,1462.5,1300.665,-5.468,22.38,A
2026-01-01T00:24:23Z,1463.0,1298.452,-4.427,24.03,B
2026-01-01T00:24:23Z,1463.5,1296.690,-3.524,25.23,C
2026-01-01T00:24:24Z,1464.0,1294.121,-5.137,22.51,A
2026-01-01T00:24:24Z,1464.5,1291.916,-4.411,23.45,B
2026-01-01T00:24:25Z,1465.0,1290.168,-3.496,25.60,C
2026-01-01T00:24:25Z,1465.5,1287.676,-4.984,21.93,A
2026-01-01T00:24:26Z,1466.0,1285.621,-4.109,24.00,B
2026-01-01T00:24:26Z,1466.5,1283.993,-3.257,25.49,C
2026-01-01T00:24:27Z,1467.0,1281.408,-5.168,22.46,A
2026-01-01T00:24:27Z,1467.5,1279.519,-3.779,24.06,B
2026-01-01T00:24:28Z,1468.0,1277.985,-3.068,24.76,C
2026-01-01T00:24:28Z,1468.5,1275.666,-4.637,21.76,A
2026-01-01T00:24:29Z,1469.0,1273.874,-3.585,23.24,B
2026-01-01T00:24:29Z,1469.5,1272.318,-3.112,25.56,C
2026-01-01T00:24:30Z,1470.0,1269.934,-4.768,21.89,A
2026-01-01T00:24:30Z,1470.5,1267.983,-3.901,24.02,B
2026-01-01T00:24:31Z,1471.0,1266.597,-2.771,24.76,C
2026-01-01T00:24:31Z,1471.5,1264.430,-4.335,22.33,A
2026-01-01T00:24:32Z,1472.0,1262.696,-3.469,24.09,B
2026-01-01T00:24:32Z,1472.5,1261.405,-2.582,25.21,C
2026-01-01T00:24:33Z,1473.0,1259.326,-4.156,22.26,A
2026-01-01T00:24:33Z,1473.5,1257.560,-3.532,24.20,B
2026-01-01T00:24:34Z,1474.0,1256.223,-2.675,24.83,C
2026-01-01T00:24:34Z,1474.5,1254.139,-4.167,21.90,A
2026-01-01T00:24:35Z,1475.0,1252.658,-2.962,23.74,B
2026-01-01T00:24:35Z,1475.5,1251.451,-2.416,25.08,C
2026-01-01T00:24:36Z,1476.0,1249.630,-3.640,22.07,A
2026-01-01T00:24:36Z,1476.5,1248.095,-3.070,23.71,B
2026-01-01T00:24:37Z,1477.0,1247.075,-2.040,24.90,C
2026-01-01T00:24:37Z,1477.5,1245.085,-3.980,22.44,A
2026-01-01T00:24:38Z,1478.0,1243.605,-2.961,23.81,B
2026-01-01T00:24:38Z,1478.5,1242.464,-2.282,24.90,C
2026-01-01T00:24:39Z,1479.0,1240.602,-3.724,22.57,A
2026-01-01T00:24:39Z,1479.5,1239.293,-2.618,23.71,B
2026-01-01T00:24:40Z,1480.0,1238.298,-1.989,24.81,C
2026-01-01T00:24:40Z,1480.5,1236.650,-3.297,21.92,A
2026-01-01T00:24:41Z,1481.0,1235.382,-2.535,23.83,B
2026-01-01T00:24:41Z,1481.5,1234.676,-1.413,24.76,C
2026-01-01T00:24:42Z,1482.0,1232.945,-3.461,22.38,A
2026-01-01T00:24:42Z,1482.5,1231.653,-2.585,23.96,B
2026-01-01T00:24:43Z,1483.0,1230.888,-1.529,25.65,C
2026-01-01T00:24:43Z,1483.5,1229.471,-2.835,22.45,A
2026-01-01T00:24:44Z,1484.0,1228.491,-1.959,23.60,B
2026-01-01T00:24:44Z,1484.5,1227.727,-1.530,25.16,C
2026-01-01T00:24:45Z,1485.0,1226.256,-2.941,22.37,A
2026-01-01T00:24:45Z,1485.5,1225.181,-2.150,24.25,B
2026-01-01T00:24:46Z,1486.0,1224.773,-0.815,25.47,C
2026-01-01T00:24:46Z,1486.5,1223.491,-2.563,22.37,A
2026-01-01T00:24:47Z,1487.0,1222.538,-1.907,23.57,B
2026-01-01T00:24:47Z,1487.5,1222.074,-0.927,24.94,C
2026-01-01T00:24:48Z,1488.0,1220.740,-2.668,22.69,A
2026-01-01T00:24:48Z,1488.5,1219.955,-1.569,23.94,B
2026-01-01T00:24:49Z,1489.0,1219.638,-0.634,25.36,C
2026-01-01T00:24:49Z,1489.5,1218.475,-2.326,22.58,A
2026-01-01T00:24:50Z,1490.0,1217.900,-1.150,23.39,B
2026-01-01T00:24:50Z,1490.5,1217.598,-0.604,25.34,C
2026-01-01T00:24:51Z,1491.0,1216.551,-2.095,22.26,A
2026-01-01T00:24:51Z,1491.5,1216.001,-1.100,23.96,B
2026-01-01T00:24:52Z,1492.0,1215.901,-0.198,25.37,C
2026-01-01T00:24:52Z,1492.5,1214.848,-2.106,22.78,A
2026-01-01T00:24:53Z,1493.0,1214.381,-0.935,24.16,B
2026-01-01T00:24:53Z,1493.5,1214.227,-0.308,25.75,C
2026-01-01T00:24:54Z,1494.0,1213.244,-1.966,21.92,A
2026-01-01T00:24:54Z,1494.5,1212.672,-1.144,23.86,B
2026-01-01T00:24:55Z,1495.0,1212.622,-0.100,25.71,C
2026-01-01T00:24:55Z,1495.5,1211.728,-1.788,22.71,A
2026-01-01T00:24:56Z,1496.0,1211.250,-0.955,23.64,B
2026-01-01T00:24:56Z,1496.5,1211.317,0.134,25.64,C
2026-01-01T00:24:57Z,1497.0,1210.622,-1.391,21.95,A
2026-01-01T00:24:57Z,1497.5,1210.379,-0.485,23.43,B
2026-01-01T00:24:58Z,1498.0,1210.586,0.414,25.76,C
2026-01-01T00:24:58Z,1498.5,1209.870,-1.431,22.25,A
2026-01-01T00:24:59Z,1499.0,1209.713,-0.313,23.41,B
2026-01-01T00:24:59Z,1499.5,1209.942,0.457,25.78,C
2026-01-01T00:25:00Z,1500.0,1209.346,-1.193,22.41,A
2026-01-01T00:25:00Z,1500.5,1209.280,-0.132,23.98,B
2026-01-01T00:25:01Z,1501.0,1209.745,0.930,25.34,C
2026-01-01T00:25:01Z,1501.5,1209.420,-0.649,22.77,A
2026-01-01T00:25:02Z,1502.0,1209.523,0.206,23.81,B
2026-01-01T00:25:02Z,1502.5,1209.895,0.743,25.63,C
2026-01-01T00:25:03Z,1503.0,1209.492,-0.805,21.91,A
2026-01-01T00:25:03Z,1503.5,1209.547,0.108,23.36,B
2026-01-01T00:25:04Z,1504.0,1210.082,1.070,25.30,C
2026-01-01T00:25:04Z,1504.5,1209.915,-0.333,22.06,A
2026-01-01T00:25:05Z,1505.0,1210.245,0.659,23.66,B
2026-01-01T00:25:05Z,1505.5,1210.766,1.043,25.68,C
2026-01-01T00:25:06Z,1506.0,1210.653,-0.227,22.52,A
2026-01-01T00:25:06Z,1506.5,1210.862,0.419,23.53,B
2026-01-01T00:25:07Z,1507.0,1211.516,1.307,25.29,C
2026-01-01T00:25:07Z,1507.5,1211.413,-0.206,22.64,A
2026-01-01T00:25:08Z,1508.0,1211.711,0.596,23.93,B
2026-01-01T00:25:08Z,1508.5,1212.676,1.929,25.20,C
2026-01-01T00:25:09Z,1509.0,1212.819,0.287,22.80,A
2026-01-01T00:25:09Z,1509.5,1213.398,1.157,24.12,B
2026-01-01T00:25:10Z,1510.0,1214.244,1.693,25.51,C
2026-01-01T00:25:10Z,1510.5,1214.270,0.051,22.11,A
2026-01-01T00:25:11Z,1511.0,1214.912,1.286,23.81,B
2026-01-01T00:25:11Z,1511.5,1215.785,1.744,24.92,C
2026-01-01T00:25:12Z,1512.0,1216.092,0.616,22.49,A
2026-01-01T00:25:12Z,1512.5,1216.866,1.548,23.83,B
2026-01-01T00:25:13Z,1513.0,1218.051,2.370,25.82,C
2026-01-01T00:25:13Z,1513.5,1218.291,0.479,22.26,A
2026-01-01T00:25:14Z,1514.0,1219.174,1.766,24.15,B
2026-01-01T00:25:14Z,1514.5,1220.401,2.454,25.73,C
2026-01-01T00:25:15Z,1515.0,1220.984,1.165,22.46,A
2026-01-01T00:25:15Z,1515.5,1221.788,1.608,23.90,B
2026-01-01T00:25:16Z,1516.0,1223.026,2.476,25.20,C
2026-01-01T00:25:16Z,1516.5,1223.566,1.080,21.97,A
2026-01-01T00:25:17Z,1517.0,1224.396,1.660,23.78,B
2026-01-01T00:25:17Z,1517.5,1225.675,2.558,25.42,C
2026-01-01T00:25:18Z,1518.0,1226.233,1.116,22.62,A
2026-01-01T00:25:18Z,1518.5,1227.156,1.847,24.40,B
2026-01-01T00:25:19Z,1519.0,1228.595,2.878,25.27,C
2026-01-01T00:25:19Z,1519.5,1229.394,1.598,22.90,A
2026-01-01T00:25:20Z,1520.0,1230.540,2.293,24.18,B
2026-01-01T00:25:20Z,1520.5,1231.991,2.901,25.33,C
2026-01-01T00:25:21Z,1521.0,1232.793,1.604,22.76,A
2026-01-01T00:25:21Z,1521.5,1234.009,2.432,23.87,B
2026-01-01T00:25:22Z,1522.0,1235.668,3.319,25.45,C
2026-01-01T00:25:22Z,1522.5,1236.447,1.556,22.44,A
2026-01-01T00:25:23Z,1523.0,1237.745,2.596,23.64,B
2026-01-01T00:25:23Z,1523.5,1239.546,3.602,24.98,C
2026-01-01T00:25:24Z,1524.0,1240.434,1.777,22.93,A
2026-01-01T00:25:24Z,1524.5,1241.816,2.764,24.25,B
2026-01-01T00:25:25Z,1525.0,1243.814,3.996,25.81,C
2026-01-01T00:25:25Z,1525.5,1244.990,2.352,22.04,A
2026-01-01T00:25:26Z,1526.0,1246.614,3.248,23.69,B
2026-01-01T00:25:26Z,1526.5,1248.710,4.193,24.97,C
2026-01-01T00:25:27Z,1527.0,1249.941,2.461,22.39,A
2026-01-01T00:25:27Z,1527.5,1251.479,3.077,23.80,B
2026-01-01T00:25:28Z,1528.0,1253.584,4.209,25.05,C
2026-01-01T00:25:28Z,1528.5,1254.927,2.686,22.23,A
2026-01-01T00:25:29Z,1529.0,1256.604,3.355,24.42,B
2026-01-01T00:25:29Z,1529.5,1258.883,4.559,25.80,C
2026-01-01T00:25:30Z,1530.0,1260.343,2.919,22.34,A
2026-01-01T00:25:30Z,1530.5,1262.168,3.651,24.24,B
2026-01-01T00:25:31Z,1531.0,1264.309,4.282,25.69,C
2026-01-01T00:25:31Z,1531.5,1265.662,2.705,22.65,A
2026-01-01T00:25:32Z,1532.0,1267.679,4.035,24.44,B
2026-01-01T00:25:32Z,1532.5,1270.094,4.829,25.18,C
2026-01-01T00:25:33Z,1533.0,1271.672,3.156,22.22,A
2026-01-01T00:25:33Z,1533.5,1273.615,3.886,24.22,B
2026-01-01T00:25:34Z,1534.0,1275.907,4.584,25.67,C
2026-01-01T00:25:34Z,1534.5,1277.525,3.236,22.83,A
2026-01-01T00:25:35Z,1535.0,1279.612,4.174,24.35,B
2026-01-01T00:25:35Z,1535.5,1282.233,5.242,25.80,C
2026-01-01T00:25:36Z,1536.0,1284.013,3.560,22.10,A
2026-01-01T00:25:36Z,1536.5,1286.065,4.104,23.57,B
2026-01-01T00:25:37Z,1537.0,1288.661,5.193,25.23,C
2026-01-01T00:25:37Z,1537.5,1290.411,3.500,22.40,A
2026-01-01T00:25:38Z,1538.0,1292.546,4.270,23.81,B
2026-01-01T00:25:38Z,1538.5,1295.142,5.192,25.90,C
2026-01-01T00:25:39Z,1539.0,1296.952,3.620,22.14,A
2026-01-01T00:25:39Z,1539.5,1299.407,4.910,23.66,B
2026-01-01T00:25:40Z,1540.0,1302.285,5.756,25.38,C
2026-01-01T00:25:40Z,1540.5,1304.292,4.014,22.62,A
2026-01-01T00:25:41Z,1541.0,1306.819,5.054,24.05,B
2026-01-01T00:25:41Z,1541.5,1309.531,5.424,25.47,C
2026-01-01T00:25:42Z,1542.0,1311.547,4.031,22.56,A
2026-01-01T00:25:42Z,1542.5,1314.051,5.008,24.51,B
2026-01-01T00:25:43Z,1543.0,1316.977,5.852,25.33,C
2026-01-01T00:25:43Z,1543.5,1319.131,4.307,22.37,A
2026-01-01T00:25:44Z,1544.0,1321.602,4.943,23.65,B
2026-01-01T00:25:44Z,1544.5,1324.655,6.106,25.20,C
2026-01-01T00:25:45Z,1545.0,1326.805,4.299,22.35,A
2026-01-01T00:25:45Z,1545.5,1329.442,5.275,24.46,B
2026-01-01T00:25:46Z,1546.0,1332.460,6.035,25.68,C
2026-01-01T00:25:46Z,1546.5,1334.814,4.707,22.93,A
2026-01-01T00:25:47Z,1547.0,1337.600,5.573,24.49,B
2026-01-01T00:25:47Z,1547.5,1340.755,6.309,25.12,C
2026-01-01T00:25:48Z,1548.0,1343.172,4.834,22.07,A
2026-01-01T00:25:48Z,1548.5,1346.131,5.918,23.87,B
2026-01-01T00:25:49Z,1549.0,1349.385,6.508,25.72,C
2026-01-01T00:25:49Z,1549.5,1351.750,4.729,22.44,A
2026-01-01T00:25:50Z,1550.0,1354.618,5.736,24.53,B
2026-01-01T00:25:50Z,1550.5,1357.848,6.460,25.90,C
2026-01-01T00:25:51Z,1551.0,1360.461,5.226,22.81,A
2026-01-01T00:25:51Z,1551.5,1363.542,6.162,24.07,B
2026-01-01T00:25:52Z,1552.0,1367.095,7.106,25.64,C
2026-01-01T00:25:52Z,1552.5,1369.692,5.195,22.15,A
2026-01-01T00:25:53Z,1553.0,1372.646,5.907,24.09,B
2026-01-01T00:25:53Z,1553.5,1376.197,7.101,25.19,C
2026-01-01T00:25:54Z,1554.0,1378.786,5.179,22.83,A
2026-01-01T00:25:54Z,1554.5,1381.805,6.038,23.61,B
2026-01-01T00:25:55Z,1555.0,1385.407,7.203,26.08,C
2026-01-01T00:25:55Z,1555.5,1388.240,5.667,23.07,A
2026-01-01T00:25:56Z,1556.0,1391.384,6.289,24.33,B
2026-01-01T00:25:56Z,1556.5,1395.051,7.334,25.52,C
2026-01-01T00:25:57Z,1557.0,1397.952,5.802,22.81,A
2026-01-01T00:25:57Z,1557.5,1401.151,6.398,24.29,B
2026-01-01T00:25:58Z,1558.0,1404.982,7.661,25.18,C
2026-01-01T00:25:58Z,1558.5,1407.793,5.623,23.05,A
2026-01-01T00:25:59Z,1559.0,1411.220,6.854,24.08,B
2026-01-01T00:25:59Z,1559.5,1414.883,7.327,25.84,C
2026-01-01T00:26:00Z,1560.0,1418.000,6.233,22.52,A
2026-01-01T00:26:00Z,1560.5,1421.497,6.993,24.40,B
2026-01-01T00:26:01Z,1561.0,1425.235,7.477,25.66,C
2026-01-01T00:26:01Z,1561.5,1428.242,6.014,22.76,A
2026-01-01T00:26:02Z,1562.0,1431.703,6.922,23.76,B
2026-01-01T00:26:02Z,1562.5,1435.676,7.947,25.33,C
2026-01-01T00:26:03Z,1563.0,1438.879,6.405,22.63,A
2026-01-01T00:26:03Z,1563.5,1442.556,7.354,23.91,B
2026-01-01T00:26:04Z,1564.0,1446.692,8.270,25.71,C
2026-01-01T00:26:04Z,1564.5,1450.032,6.682,22.84,A
2026-01-01T00:26:05Z,1565.0,1453.592,7.120,23.89,B
2026-01-01T00:26:05Z,1565.5,1457.637,8.090,25.60,C
2026-01-01T00:26:06Z,1566.0,1460.909,6.544,22.93,A
2026-01-01T00:26:06Z,1566.5,1464.714,7.610,23.68,B
2026-01-01T00:26:07Z,1567.0,1469.004,8.580,25.91,C
2026-01-01T00:26:07Z,1567.5,1472.413,6.816,23.02,A
2026-01-01T00:26:08Z,1568.0,1476.077,7.328,24.23,B
2026-01-01T00:26:08Z,1568.5,1480.385,8.617,26.08,C
2026-01-01T00:26:09Z,1569.0,1483.779,6.787,23.14,A
2026-01-01T00:26:09Z,1569.5,1487.694,7.831,24.67,B
2026-01-01T00:26:10Z,1570.0,1492.009,8.631,26.09,C
2026-01-01T00:26:10Z,1570.5,1495.555,7.091,22.70,A
2026-01-01T00:26:11Z,1571.0,1499.608,8.106,24.39,B
2026-01-01T00:26:11Z,1571.5,1503.990,8.764,25.70,C
2026-01-01T00:26:12Z,1572.0,1507.570,7.160,22.55,A
2026-01-01T00:26:12Z,1572.5,1511.553,7.965,24.38,B
2026-01-01T00:26:13Z,1573.0,1515.864,8.622,26.03,C
2026-01-01T00:26:13Z,1573.5,1519.609,7.490,22.42,A
2026-01-01T00:26:14Z,1574.0,1523.744,8.270,24.32,B
2026-01-01T00:26:14Z,1574.5,1528.265,9.043,25.28,C
2026-01-01T00:26:15Z,1575.0,1532.130,7.729,22.44,A
2026-01-01T00:26:15Z,1575.5,1536.379,8.499,24.71,B
2026-01-01T00:26:16Z,1576.0,1541.024,9.290,25.60,C
2026-01-01T00:26:16Z,1576.5,1544.668,7.288,22.28,A
2026-01-01T00:26:17Z,1577.0,1548.946,8.555,24.61,B
2026-01-01T00:26:17Z,1577.5,1553.679,9.467,25.98,C
2026-01-01T00:26:18Z,1578.0,1557.452,7.545,23.11,A
2026-01-01T00:26:18Z,1578.5,1561.735,8.566,24.44,B
2026-01-01T00:26:19Z,1579.0,1566.295,9.120,26.09,C
2026-01-01T00:26:19Z,1579.5,1570.148,7.706,22.71,A
2026-01-01T00:26:20Z,1580.0,1574.534,8.774,24.17,B
2026-01-01T00:26:20Z,1580.5,1579.333,9.598,26.15,C
2026-01-01T00:26:21Z,1581.0,1583.421,8.174,22.28,A
2026-01-01T00:26:21Z,1581.5,1587.871,8.901,24.74,B
2026-01-01T00:26:22Z,1582.0,1592.775,9.808,25.93,C
2026-01-01T00:26:22Z,1582.5,1596.693,7.836,22.35,A
2026-01-01T00:26:23Z,1583.0,1601.154,8.922,24.51,B
2026-01-01T00:26:23Z,1583.5,1606.038,9.767,25.30,C
2026-01-01T00:26:24Z,1584.0,1610.014,7.951,23.13,A
2026-01-01T00:26:24Z,1584.5,1614.368,8.709,24.18,B
2026-01-01T00:26:25Z,1585.0,1619.203,9.671,25.70,C
2026-01-01T00:26:25Z,1585.5,1623.452,8.497,23.17,A
2026-01-01T00:26:26Z,1586.0,1627.977,9.051,23.86,B
2026-01-01T00:26:26Z,1586.5,1632.847,9.739,25.32,C
2026-01-01T00:26:27Z,1587.0,1636.995,8.296,23.13,A
2026-01-01T00:26:27Z,1587.5,1641.568,9.147,23.97,B
2026-01-01T00:26:28Z,1588.0,1646.484,9.832,25.39,C
2026-01-01T00:26:28Z,1588.5,1650.768,8.568,22.66,A
2026-01-01T00:26:29Z,1589.0,1655.537,9.537,24.48,B
2026-01-01T00:26:29Z,1589.5,1660.604,10.135,25.87,C
2026-01-01T00:26:30Z,1590.0,1664.731,8.254,22.59,A
2026-01-01T00:26:30Z,1590.5,1669.380,9.297,23.84,B
2026-01-01T00:26:31Z,1591.0,1674.634,10.508,25.74,C
2026-01-01T00:26:31Z,1591.5,1678.917,8.567,22.99,A
2026-01-01T00:26:32Z,1592.0,1683.751,9.669,24.29,B
2026-01-01T00:26:32Z,1592.5,1688.969,10.435,26.07,C
2026-01-01T00:26:33Z,1593.0,1693.221,8.504,23.06,A
2026-01-01T00:26:33Z,1593.5,1698.084,9.726,24.71,B
2026-01-01T00:26:34Z,1594.0,1703.196,10.224,25.68,C
2026-01-01T00:26:34Z,1594.5,1707.589,8.786,23.04,A
2026-01-01T00:26:35Z,1595.0,1712.500,9.822,23.90,B
2026-01-01T00:26:35Z,1595.5,1717.621,10.242,25.66,C
2026-01-01T00:26:36Z,1596.0,1722.213,9.183,23.15,A
2026-01-01T00:26:36Z,1596.5,1727.042,9.659,23.93,B
2026-01-01T00:26:37Z,1597.0,1732.269,10.454,25.80,C
2026-01-01T00:26:37Z,1597.5,1736.667,8.796,22.93,A
2026-01-01T00:26:38Z,1598.0,1741.589,9.845,24.06,B
2026-01-01T00:26:38Z,1598.5,1747.055,10.931,25.69,C
2026-01-01T00:26:39Z,1599.0,1751.623,9.136,22.95,A
2026-01-01T00:26:39Z,1599.5,1756.548,9.850,24.87,B
2026-01-01T00:26:40Z,1600.0,1761.960,10.823,25.75,C
2026-01-01T00:26:40Z,1600.5,1766.558,9.197,22.76,A
2026-01-01T00:26:41Z,1601.0,1771.482,9.849,24.24,B
2026-01-01T00:26:41Z,1601.5,1776.985,11.005,25.52,C
2026-01-01T00:26:42Z,1602.0,1781.611,9.252,22.68,A
2026-01-01T00:26:42Z,1602.5,1786.745,10.269,23.98,B
2026-01-01T00:26:43Z,1603.0,1792.180,10.868,25.74,C
2026-01-01T00:26:43Z,1603.5,1796.798,9.237,23.22,A
2026-01-01T00:26:44Z,1604.0,1801.907,10.218,23.98,B
2026-01-01T00:26:44Z,1604.5,1807.521,11.227,26.32,C
2026-01-01T00:26:45Z,1605.0,1812.072,9.102,22.56,A
2026-01-01T00:26:45Z,1605.5,1817.190,10.236,24.87,B
2026-01-01T00:26:46Z,1606.0,1822.600,10.820,25.48,C
2026-01-01T00:26:46Z,1606.5,1827.283,9.367,22.61,A
2026-01-01T00:26:47Z,1607.0,1832.377,10.186,24.27,B
2026-01-01T00:26:47Z,1607.5,1837.939,11.124,25.60,C
2026-01-01T00:26:48Z,1608.0,1842.656,9.435,23.36,A
2026-01-01T00:26:48Z,1608.5,1847.732,10.151,24.67,B
2026-01-01T00:26:49Z,1609.0,1853.259,11.055,26.04,C
2026-01-01T00:26:49Z,1609.5,1857.886,9.253,23.23,A
2026-01-01T00:26:50Z,1610.0,1863.128,10.485,24.23,B
2026-01-01T00:26:50Z,1610.5,1868.800,11.344,25.71,C
2026-01-01T00:26:51Z,1611.0,1873.727,9.855,22.65,A
2026-01-01T00:26:51Z,1611.5,1879.016,10.578,23.99,B
2026-01-01T00:26:52Z,1612.0,1884.716,11.399,25.57,C
2026-01-01T00:26:52Z,1612.5,1889.595,9.758,22.51,A
2026-01-01T00:26:53Z,1613.0,1894.874,10.559,24.46,B
2026-01-01T00:26:53Z,1613.5,1900.513,11.277,26.08,C
2026-01-01T00:26:54Z,1614.0,1905.281,9.536,23.15,A
2026-01-01T00:26:54Z,1614.5,1910.513,10.465,24.02,B
2026-01-01T00:26:55Z,1615.0,1916.322,11.618,26.41,C
2026-01-01T00:26:55Z,1615.5,1921.058,9.471,22.98,A
2026-01-01T00:26:56Z,1616.0,1926.383,10.650,24.17,B
2026-01-01T00:26:56Z,1616.5,1932.107,11.448,25.64,C
2026-01-01T00:26:57Z,1617.0,1936.913,9.613,22.50,A
2026-01-01T00:26:57Z,1617.5,1942.251,10.675,24.97,B
2026-01-01T00:26:58Z,1618.0,1947.927,11.353,25.86,C
2026-01-01T00:26:58Z,1618.5,1952.788,9.722,22.65,A
2026-01-01T00:26:59Z,1619.0,1958.051,10.527,24.69,B
2026-01-01T00:26:59Z,1619.5,1963.813,11.523,25.82,C
2026-01-01T00:27:00Z,1620.0,1968.727,9.827,23.37,A
2026-01-01T00:27:00Z,1620.5,1973.958,10.463,24.93,B
2026-01-01T00:27:01Z,1621.0,1979.763,11.611,26.00,C
2026-01-01T00:27:01Z,1621.5,1984.835,10.142,23.37,A
2026-01-01T00:27:02Z,1622.0,1990.088,10.508,24.64,B
2026-01-01T00:27:02Z,1622.5,1995.814,11.450,26.35,C
2026-01-01T00:27:03Z,1623.0,2000.652,9.678,23.04,A
2026-01-01T00:27:03Z,1623.5,2005.876,10.446,24.78,B
2026-01-01T00:27:04Z,1624.0,2011.554,11.358,26.08,C
2026-01-01T00:27:04Z,1624.5,2016.582,10.055,23.35,A
2026-01-01T00:27:05Z,1625.0,2021.929,10.694,24.37,B
2026-01-01T00:27:05Z,1625.5,2027.826,11.794,26.46,C
2026-01-01T00:27:06Z,1626.0,2032.774,9.896,23.44,A
2026-01-01T00:27:06Z,1626.5,2038.278,11.008,24.32,B
2026-01-01T00:27:07Z,1627.0,2044.167,11.778,25.57,C
2026-01-01T00:27:07Z,1627.5,2049.136,9.939,22.61,A
2026-01-01T00:27:08Z,1628.0,2054.544,10.815,24.85,B
2026-01-01T00:27:08Z,1628.5,2060.392,11.696,26.11,C
2026-01-01T00:27:09Z,1629.0,2065.244,9.703,22.73,A
2026-01-01T00:27:09Z,1629.5,2070.773,11.058,24.73,B
2026-01-01T00:27:10Z,1630.0,2076.556,11.566,25.58,C
2026-01-01T00:27:10Z,1630.5,2081.567,10.022,23.42,A
2026-01-01T00:27:11Z,1631.0,2086.882,10.630,24.61,B
2026-01-01T00:27:11Z,1631.5,2092.683,11.603,26.23,C
2026-01-01T00:27:12Z,1632.0,2097.709,10.053,23.41,A
2026-01-01T00:27:12Z,1632.5,2103.250,11.081,24.79,B
2026-01-01T00:27:13Z,1633.0,2109.113,11.726,26.08,C
2026-01-01T00:27:13Z,1633.5,2114.063,9.900,23.32,A
2026-01-01T00:27:14Z,1634.0,2119.377,10.628,24.34,B
2026-01-01T00:27:14Z,1634.5,2125.223,11.693,26.50,C
2026-01-01T00:27:15Z,1635.0,2130.122,9.798,22.91,A
2026-01-01T00:27:15Z,1635.5,2135.394,10.544,24.32,B
2026-01-01T00:27:16Z,1636.0,2141.322,11.857,25.69,C
2026-01-01T00:27:16Z,1636.5,2146.395,10.145,23.39,A
2026-01-01T00:27:17Z,1637.0,2151.718,10.646,24.48,B
2026-01-01T00:27:17Z,1637.5,2157.405,11.373,26.21,C
2026-01-01T00:27:18Z,1638.0,2162.319,9.828,22.70,A
2026-01-01T00:27:18Z,1638.5,2167.718,10.799,24.31,B
2026-01-01T00:27:19Z,1639.0,2173.375,11.314,26.18,C
2026-01-01T00:27:19Z,1639.5,2178.224,9.699,23.64,A
2026-01-01T00:27:20Z,1640.0,2183.626,10.802,24.73,B
2026-01-01T00:27:20Z,1640.5,2189.400,11.550,26.06,C
2026-01-01T00:27:21Z,1641.0,2194.407,10.013,22.76,A
2026-01-01T00:27:21Z,1641.5,2199.846,10.878,25.01,B
2026-01-01T00:27:22Z,1642.0,2205.620,11.548,26.40,C
2026-01-01T00:27:22Z,1642.5,2210.665,10.091,23.32,A
2026-01-01T00:27:23Z,1643.0,2215.958,10.587,24.90,B
2026-01-01T00:27:23Z,1643.5,2221.656,11.395,26.47,C
2026-01-01T00:27:24Z,1644.0,2226.553,9.794,23.18,A
2026-01-01T00:27:24Z,1644.5,2231.908,10.710,24.79,B
2026-01-01T00:27:25Z,1645.0,2237.541,11.266,25.74,C
2026-01-01T00:27:25Z,1645.5,2242.607,10.132,22.99,A
2026-01-01T00:27:26Z,1646.0,2248.092,10.971,24.83,B
2026-01-01T00:27:26Z,1646.5,2253.789,11.394,26.27,C
2026-01-01T00:27:27Z,1647.0,2258.781,9.984,23.69,A
2026-01-01T00:27:27Z,1647.5,2264.217,10.871,25.09,B
2026-01-01T00:27:28Z,1648.0,2270.086,11.739,26.44,C
2026-01-01T00:27:28Z,1648.5,2275.001,9.830,22.93,A
2026-01-01T00:27:29Z,1649.0,2280.421,10.839,24.46,B
2026-01-01T00:27:29Z,1649.5,2286.097,11.353,26.37,C
2026-01-01T00:27:30Z,1650.0,2290.895,9.595,22.83,A
2026-01-01T00:27:30Z,1650.5,2296.250,10.710,24.66,B
2026-01-01T00:27:31Z,1651.0,2302.000,11.500,26.48,C
2026-01-01T00:27:31Z,1651.5,2307.020,10.041,23.07,A
2026-01-01T00:27:32Z,1652.0,2312.175,10.309,24.54,B
2026-01-01T00:27:32Z,1652.5,2317.976,11.603,25.90,C
2026-01-01T00:27:33Z,1653.0,2322.902,9.851,23.18,A
2026-01-01T00:27:33Z,1653.5,2328.237,10.671,25.10,B
2026-01-01T00:27:34Z,1654.0,2333.875,11.276,26.31,C
2026-01-01T00:27:34Z,1654.5,2338.653,9.555,22.84,A
2026-01-01T00:27:35Z,1655.0,2343.755,10.205,24.49,B
2026-01-01T00:27:35Z,1655.5,2349.292,11.074,26.71,C
2026-01-01T00:27:36Z,1656.0,2353.961,9.338,23.60,A
2026-01-01T00:27:36Z,1656.5,2359.027,10.131,25.25,B
2026-01-01T00:27:37Z,1657.0,2364.670,11.287,26.07,C
2026-01-01T00:27:37Z,1657.5,2369.486,9.632,23.50,A
2026-01-01T00:27:38Z,1658.0,2374.755,10.538,24.42,B
2026-01-01T00:27:38Z,1658.5,2380.442,11.374,26.53,C
2026-01-01T00:27:39Z,1659.0,2385.319,9.754,22.85,A
2026-01-01T00:27:39Z,1659.5,2390.590,10.543,25.06,B
2026-01-01T00:27:40Z,1660.0,2396.024,10.867,26.55,C
2026-01-01T00:27:40Z,1660.5,2400.807,9.566,23.23,A
2026-01-01T00:27:41Z,1661.0,2405.971,10.328,24.56,B
2026-01-01T00:27:41Z,1661.5,2411.369,10.796,26.20,C
2026-01-01T00:27:42Z,1662.0,2416.164,9.589,22.99,A
2026-01-01T00:27:42Z,1662.5,2421.164,9.999,24.77,B
2026-01-01T00:27:43Z,1663.0,2426.665,11.003,26.73,C
2026-01-01T00:27:43Z,1663.5,2431.353,9.377,23.09,A
2026-01-01T00:27:44Z,1664.0,2436.345,9.982,24.99,B
2026-01-01T00:27:44Z,1664.5,2441.905,11.120,26.75,C
2026-01-01T00:27:45Z,1665.0,2446.547,9.285,23.11,A
2026-01-01T00:27:45Z,1665.5,2451.659,10.225,24.52,B
2026-01-01T00:27:46Z,1666.0,2457.175,11.031,26.11,C
2026-01-01T00:27:46Z,1666.5,2461.651,8.953,22.86,A
2026-01-01T00:27:47Z,1667.0,2466.603,9.904,24.69,B
2026-01-01T00:27:47Z,1667.5,2472.027,10.848,26.70,C
2026-01-01T00:27:48Z,1668.0,2476.551,9.048,23.78,A
2026-01-01T00:27:48Z,1668.5,2481.632,10.162,24.71,B
2026-01-01T00:27:49Z,1669.0,2486.854,10.443,25.92,C
2026-01-01T00:27:49Z,1669.5,2491.288,8.869,23.19,A
2026-01-01T00:27:50Z,1670.0,2496.327,10.079,24.67,B
2026-01-01T00:27:50Z,1670.5,2501.502,10.350,26.81,C
2026-01-01T00:27:51Z,1671.0,2505.997,8.989,23.51,A
2026-01-01T00:27:51Z,1671.5,2510.940,9.886,24.84,B
2026-01-01T00:27:52Z,1672.0,2516.259,10.638,26.49,C
2026-01-01T00:27:52Z,1672.5,2520.557,8.595,22.89,A
2026-01-01T00:27:53Z,1673.0,2525.444,9.774,24.40,B
2026-01-01T00:27:53Z,1673.5,2530.717,10.548,26.26,C
2026-01-01T00:27:54Z,1674.0,2535.218,9.002,22.94,A
2026-01-01T00:27:54Z,1674.5,2539.845,9.253,25.30,B
2026-01-01T00:27:55Z,1675.0,2544.901,10.113,26.67,C
2026-01-01T00:27:55Z,1675.5,2549.140,8.477,23.48,A
2026-01-01T00:27:56Z,1676.0,2553.764,9.249,24.94,B
2026-01-01T00:27:56Z,1676.5,2558.932,10.335,26.48,C
2026-01-01T00:27:57Z,1677.0,2563.323,8.783,23.23,A
2026-01-01T00:27:57Z,1677.5,2568.003,9.361,25.05,B
2026-01-01T00:27:58Z,1678.0,2573.181,10.354,26.58,C
2026-01-01T00:27:58Z,1678.5,2577.271,8.182,23.40,A
2026-01-01T00:27:59Z,1679.0,2581.743,8.942,24.75,B
2026-01-01T00:27:59Z,1679.5,2586.864,10.242,26.29,C
2026-01-01T00:28:00Z,1680.0,2591.021,8.313,23.86,A
2026-01-01T00:28:00Z,1680.5,2595.648,9.255,24.55,B
2026-01-01T00:28:01Z,1681.0,2600.743,10.190,26.60,C
2026-01-01T00:28:01Z,1681.5,2604.987,8.489,23.77,A
2026-01-01T00:28:02Z,1682.0,2609.649,9.323,24.62,B
2026-01-01T00:28:02Z,1682.5,2614.415,9.533,25.98,C
2026-01-01T00:28:03Z,1683.0,2618.494,8.158,22.96,A
2026-01-01T00:28:03Z,1683.5,2623.030,9.072,24.60,B
2026-01-01T00:28:04Z,1684.0,2627.959,9.857,26.27,C
2026-01-01T00:28:04Z,1684.5,2631.974,8.031,23.03,A
2026-01-01T00:28:05Z,1685.0,2636.273,8.598,24.48,B
2026-01-01T00:28:05Z,1685.5,2641.087,9.628,26.02,C
2026-01-01T00:28:06Z,1686.0,2644.939,7.703,23.37,A
2026-01-01T00:28:06Z,1686.5,2649.425,8.974,25.01,B
2026-01-01T00:28:07Z,1687.0,2654.178,9.505,26.30,C
2026-01-01T00:28:07Z,1687.5,2657.939,7.521,23.02,A
2026-01-01T00:28:08Z,1688.0,2662.237,8.596,25.48,B
2026-01-01T00:28:08Z,1688.5,2666.947,9.420,26.28,C
2026-01-01T00:28:09Z,1689.0,2670.756,7.617,23.97,A
2026-01-01T00:28:09Z,1689.5,2674.899,8.287,25.41,B
2026-01-01T00:28:10Z,1690.0,2679.487,9.176,26.74,C
2026-01-01T00:28:10Z,1690.5,2683.277,7.579,23.07,A
2026-01-01T00:28:11Z,1691.0,2687.334,8.114,25.33,B
2026-01-01T00:28:11Z,1691.5,2691.919,9.170,26.67,C
2026-01-01T00:28:12Z,1692.0,2695.777,7.716,23.88,A
2026-01-01T00:28:12Z,1692.5,2699.852,8.150,25.48,B
2026-01-01T00:28:13Z,1693.0,2704.336,8.967,26.64,C
2026-01-01T00:28:13Z,1693.5,2707.894,7.118,23.74,A
2026-01-01T00:28:14Z,1694.0,2711.862,7.935,24.61,B
2026-01-01T00:28:14Z,1694.5,2716.293,8.862,26.12,C
2026-01-01T00:28:15Z,1695.0,2720.023,7.461,24.03,A
2026-01-01T00:28:15Z,1695.5,2724.077,8.106,24.72,B
2026-01-01T00:28:16Z,1696.0,2728.429,8.704,26.44,C
2026-01-01T00:28:16Z,1696.5,2732.079,7.300,23.83,A
2026-01-01T00:28:17Z,1697.0,2735.930,7.702,25.43,B
2026-01-01T00:28:17Z,1697.5,2740.121,8.382,26.38,C
2026-01-01T00:28:18Z,1698.0,2743.446,6.651,23.32,A
2026-01-01T00:28:18Z,1698.5,2747.363,7.833,24.66,B
2026-01-01T00:28:19Z,1699.0,2751.523,8.320,26.90,C
2026-01-01T00:28:19Z,1699.5,2754.801,6.557,24.03,A
2026-01-01T00:28:20Z,1700.0,2758.493,7.384,25.36,B
2026-01-01T00:28:20Z,1700.5,2762.604,8.222,26.55,C
2026-01-01T00:28:21Z,1701.0,2765.880,6.552,23.65,A
2026-01-01T00:28:21Z,1701.5,2769.570,7.380,25.04,B
2026-01-01T00:28:22Z,1702.0,2773.660,8.180,26.22,C
2026-01-01T00:28:22Z,1702.5,2776.949,6.577,23.37,A
2026-01-01T00:28:23Z,1703.0,2780.573,7.249,25.00,B
2026-01-01T00:28:23Z,1703.5,2784.463,7.781,26.46,C
2026-01-01T00:28:24Z,1704.0,2787.688,6.449,23.14,A
2026-01-01T00:28:24Z,1704.5,2791.153,6.930,25.55,B
2026-01-01T00:28:25Z,1705.0,2795.071,7.836,26.16,C
2026-01-01T00:28:25Z,1705.5,2798.255,6.368,23.82,A
2026-01-01T00:28:26Z,1706.0,2801.774,7.039,24.68,B
2026-01-01T00:28:26Z,1706.5,2805.789,8.030,26.17,C
2026-01-01T00:28:27Z,1707.0,2808.875,6.173,23.60,A
2026-01-01T00:28:27Z,1707.5,2812.394,7.036,25.18,B
2026-01-01T00:28:28Z,1708.0,2816.170,7.553,26.87,C
2026-01-01T00:28:28Z,1708.5,2819.009,5.677,23.89,A
2026-01-01T00:28:29Z,1709.0,2822.472,6.927,25.09,B
2026-01-01T00:28:29Z,1709.5,2826.185,7.425,26.60,C
2026-01-01T00:28:30Z,1710.0,2829.042,5.714,23.80,A
2026-01-01T00:28:30Z,1710.5,2832.327,6.570,25.40,B
2026-01-01T00:28:31Z,1711.0,2836.007,7.361,26.28,C
2026-01-01T00:28:31Z,1711.5,2838.900,5.784,23.73,A
2026-01-01T00:28:32Z,1712.0,2841.983,6.166,25.62,B
2026-01-01T00:28:32Z,1712.5,2845.458,6.950,26.94,C
2026-01-01T00:28:33Z,1713.0,2848.145,5.375,23.93,A
2026-01-01T00:28:33Z,1713.5,2851.295,6.300,24.81,B
2026-01-01T00:28:34Z,1714.0,2854.806,7.021,26.85,C
2026-01-01T00:28:34Z,1714.5,2857.459,5.307,24.15,A
2026-01-01T00:28:35Z,1715.0,2860.349,5.781,25.37,B
2026-01-01T00:28:35Z,1715.5,2863.631,6.563,26.71,C
2026-01-01T00:28:36Z,1716.0,2866.104,4.945,24.08,A
2026-01-01T00:28:36Z,1716.5,2869.008,5.809,25.05,B
2026-01-01T00:28:37Z,1717.0,2872.236,6.455,26.82,C
2026-01-01T00:28:37Z,1717.5,2874.645,4.818,23.86,A
2026-01-01T00:28:38Z,1718.0,2877.524,5.759,24.85,B
2026-01-01T00:28:38Z,1718.5,2880.661,6.275,26.36,C
2026-01-01T00:28:39Z,1719.0,2882.938,4.553,23.93,A
2026-01-01T00:28:39Z,1719.5,2885.730,5.584,25.38,B
2026-01-01T00:28:40Z,1720.0,2888.913,6.366,27.08,C
2026-01-01T00:28:40Z,1720.5,2891.298,4.770,24.20,A
2026-01-01T00:28:41Z,1721.0,2894.054,5.512,25.50,B
2026-01-01T00:28:41Z,1721.5,2897.146,6.184,26.38,C
2026-01-01T00:28:42Z,1722.0,2899.411,4.530,23.52,A
2026-01-01T00:28:42Z,1722.5,2902.006,5.189,25.38,B
2026-01-01T00:28:43Z,1723.0,2904.897,5.782,26.61,C
2026-01-01T00:28:43Z,1723.5,2907.149,4.505,24.14,A
2026-01-01T00:28:44Z,1724.0,2909.760,5.223,24.96,B
2026-01-01T00:28:44Z,1724.5,2912.627,5.734,27.15,C
2026-01-01T00:28:45Z,1725.0,2914.812,4.369,23.96,A
2026-01-01T00:28:45Z,1725.5,2917.383,5.141,25.70,B
2026-01-01T00:28:46Z,1726.0,2920.291,5.817,27.23,C
2026-01-01T00:28:46Z,1726.5,2922.259,3.936,24.19,A
2026-01-01T00:28:47Z,1727.0,2924.520,4.522,25.40,B
2026-01-01T00:28:47Z,1727.5,2927.293,5.546,26.80,C
2026-01-01T00:28:48Z,1728.0,2929.130,3.674,23.96,A
2026-01-01T00:28:48Z,1728.5,2931.409,4.558,25.39,B
2026-01-01T00:28:49Z,1729.0,2934.134,5.449,26.83,C
2026-01-01T00:28:49Z,1729.5,2935.948,3.628,24.09,A
2026-01-01T00:28:50Z,1730.0,2938.249,4.603,25.59,B
2026-01-01T00:28:50Z,1730.5,2940.913,5.328,27.05,C
2026-01-01T00:28:51Z,1731.0,2942.789,3.753,23.60,A
2026-01-01T00:28:51Z,1731.5,2944.783,3.988,25.02,B
2026-01-01T00:28:52Z,1732.0,2947.315,5.064,26.45,C
2026-01-01T00:28:52Z,1732.5,2948.826,3.021,24.27,A
2026-01-01T00:28:53Z,1733.0,2950.858,4.064,24.92,B
2026-01-01T00:28:53Z,1733.5,2953.241,4.767,26.83,C
2026-01-01T00:28:54Z,1734.0,2954.653,2.824,23.86,A
2026-01-01T00:28:54Z,1734.5,2956.513,3.720,25.61,B
2026-01-01T00:28:55Z,1735.0,2958.802,4.577,27.22,C
2026-01-01T00:28:55Z,1735.5,2960.210,2.817,24.01,A
2026-01-01T00:28:56Z,1736.0,2962.151,3.882,25.83,B
2026-01-01T00:28:56Z,1736.5,2964.277,4.252,27.38,C
2026-01-01T00:28:57Z,1737.0,2965.523,2.492,24.36,A
2026-01-01T00:28:57Z,1737.5,2967.334,3.621,25.19,B
2026-01-01T00:28:58Z,1738.0,2969.537,4.407,26.51,C
2026-01-01T00:28:58Z,1738.5,2970.902,2.728,23.55,A
2026-01-01T00:28:59Z,1739.0,2972.514,3.224,25.07,B
2026-01-01T00:28:59Z,1739.5,2974.611,4.194,27.39,C
2026-01-01T00:29:00Z,1740.0,2975.686,2.151,24.42,A
2026-01-01T00:29:00Z,1740.5,2977.159,2.945,25.16,B
2026-01-01T00:29:01Z,1741.0,2979.132,3.947,26.47,C
2026-01-01T00:29:01Z,1741.5,2980.185,2.105,24.31,A
2026-01-01T00:29:02Z,1742.0,2981.621,2.871,25.30,B
2026-01-01T00:29:02Z,1742.5,2983.496,3.750,27.15,C
2026-01-01T00:29:03Z,1743.0,2984.584,2.176,23.91,A
2026-01-01T00:29:03Z,1743.5,2986.019,2.871,25.28,B
2026-01-01T00:29:04Z,1744.0,2987.853,3.667,26.47,C
2026-01-01T00:29:04Z,1744.5,2988.775,1.845,23.59,A
2026-01-01T00:29:05Z,1745.0,2989.920,2.289,25.79,B
2026-01-01T00:29:05Z,1745.5,2991.502,3.164,27.22,C
2026-01-01T00:29:06Z,1746.0,2992.474,1.944,24.15,A
2026-01-01T00:29:06Z,1746.5,2993.738,2.529,25.97,B
2026-01-01T00:29:07Z,1747.0,2995.345,3.214,27.45,C
2026-01-01T00:29:07Z,1747.5,2996.042,1.394,24.38,A
2026-01-01T00:29:08Z,1748.0,2997.153,2.222,25.97,B
2026-01-01T00:29:08Z,1748.5,2998.535,2.763,26.71,C
2026-01-01T00:29:09Z,1749.0,2999.120,1.171,24.27,A
2026-01-01T00:29:09Z,1749.5,3000.198,2.156,25.80,B
2026-01-01T00:29:10Z,1750.0,3001.506,2.616,26.90,C
2026-01-01T00:29:10Z,1750.5,3002.000,0.987,24.34,A
2026-01-01T00:29:11Z,1751.0,3002.827,1.655,25.70,B
2026-01-01T00:29:11Z,1751.5,3004.102,2.549,26.67,C
2026-01-01T00:29:12Z,1752.0,3004.520,0.836,23.84,A
2026-01-01T00:29:12Z,1752.5,3005.265,1.491,25.49,B
2026-01-01T00:29:13Z,1753.0,3006.527,2.523,27.50,C
2026-01-01T00:29:13Z,1753.5,3007.026,1.000,23.89,A
2026-01-01T00:29:14Z,1754.0,3007.856,1.659,25.94,B
2026-01-01T00:29:14Z,1754.5,3008.906,2.101,26.99,C
2026-01-01T00:29:15Z,1755.0,3009.227,0.642,24.24,A
2026-01-01T00:29:15Z,1755.5,3009.916,1.377,25.54,B
2026-01-01T00:29:16Z,1756.0,3010.978,2.124,26.62,C
2026-01-01T00:29:16Z,1756.5,3011.141,0.326,23.65,A
2026-01-01T00:29:17Z,1757.0,3011.812,1.342,26.02,B
2026-01-01T00:29:17Z,1757.5,3012.623,1.622,26.78,C
2026-01-01T00:29:18Z,1758.0,3012.603,-0.041,23.88,A
2026-01-01T00:29:18Z,1758.5,3013.020,0.834,26.02,B
2026-01-01T00:29:19Z,1759.0,3013.745,1.449,27.18,C
2026-01-01T00:29:19Z,1759.5,3013.586,-0.318,24.22,A
2026-01-01T00:29:20Z,1760.0,3014.014,0.856,25.36,B
2026-01-01T00:29:20Z,1760.5,3014.755,1.481,26.67,C
2026-01-01T00:29:21Z,1761.0,3014.769,0.029,23.99,A
2026-01-01T00:29:21Z,1761.5,3015.052,0.566,26.08,B
2026-01-01T00:29:22Z,1762.0,3015.545,0.985,26.80,C
2026-01-01T00:29:22Z,1762.5,3015.336,-0.417,24.59,A
2026-01-01T00:29:23Z,1763.0,3015.419,0.166,25.44,B
2026-01-01T00:29:23Z,1763.5,3015.952,1.066,27.13,C
2026-01-01T00:29:24Z,1764.0,3015.721,-0.462,23.89,A
2026-01-01T00:29:24Z,1764.5,3015.694,-0.054,25.53,B
2026-01-01T00:29:25Z,1765.0,3016.249,1.109,27.50,C
2026-01-01T00:29:25Z,1765.5,3015.955,-0.588,23.86,A
2026-01-01T00:29:26Z,1766.0,3015.908,-0.094,25.59,B
2026-01-01T00:29:26Z,1766.5,3016.323,0.829,27.03,C
2026-01-01T00:29:27Z,1767.0,3015.692,-1.261,23.84,A
2026-01-01T00:29:27Z,1767.5,3015.536,-0.313,25.26,B
2026-01-01T00:29:28Z,1768.0,3015.654,0.236,27.13,C
2026-01-01T00:29:28Z,1768.5,3014.987,-1.334,24.33,A
2026-01-01T00:29:29Z,1769.0,3014.727,-0.521,25.84,B
2026-01-01T00:29:29Z,1769.5,3014.892,0.331,26.88,C
2026-01-01T00:29:30Z,1770.0,3014.315,-1.153,24.58,A
2026-01-01T00:29:30Z,1770.5,3014.025,-0.580,25.76,B
2026-01-01T00:29:31Z,1771.0,3014.023,-0.005,27.64,C
2026-01-01T00:29:31Z,1771.5,3013.156,-1.733,23.70,A
2026-01-01T00:29:32Z,1772.0,3012.843,-0.627,25.99,B
2026-01-01T00:29:32Z,1772.5,3012.849,0.012,26.91,C
2026-01-01T00:29:33Z,1773.0,3011.898,-1.900,23.84,A
2026-01-01T00:29:33Z,1773.5,3011.317,-1.163,25.61,B
2026-01-01T00:29:34Z,1774.0,3011.227,-0.181,26.71,C
2026-01-01T00:29:34Z,1774.5,3010.306,-1.842,24.55,A
2026-01-01T00:29:35Z,1775.0,3009.825,-0.962,26.15,B
2026-01-01T00:29:35Z,1775.5,3009.697,-0.255,26.94,C
2026-01-01T00:29:36Z,1776.0,3008.535,-2.326,24.47,A
2026-01-01T00:29:36Z,1776.5,3007.856,-1.356,26.13,B
2026-01-01T00:29:37Z,1777.0,3007.460,-0.793,27.67,C
2026-01-01T00:29:37Z,1777.5,3006.474,-1.972,23.76,A
2026-01-01T00:29:38Z,1778.0,3005.690,-1.569,26.09,B
2026-01-01T00:29:38Z,1778.5,3005.326,-0.728,27.34,C
2026-01-01T00:29:39Z,1779.0,3004.011,-2.630,23.85,A
2026-01-01T00:29:39Z,1779.5,3003.183,-1.655,26.08,B
2026-01-01T00:29:40Z,1780.0,3002.766,-0.835,26.96,C
2026-01-01T00:29:40Z,1780.5,3001.461,-2.609,23.78,A
2026-01-01T00:29:41Z,1781.0,3000.618,-1.688,26.21,B
2026-01-01T00:29:41Z,1781.5,3000.125,-0.985,27.32,C
2026-01-01T00:29:42Z,1782.0,2998.634,-2.981,24.28,A
2026-01-01T00:29:42Z,1782.5,2997.574,-2.121,25.89,B
2026-01-01T00:29:43Z,1783.0,2996.981,-1.186,27.75,C
2026-01-01T00:29:43Z,1783.5,2995.452,-3.057,24.26,A
2026-01-01T00:29:44Z,1784.0,2994.325,-2.254,25.36,B
2026-01-01T00:29:44Z,1784.5,2993.525,-1.600,27.50,C
2026-01-01T00:29:45Z,1785.0,2991.870,-3.311,23.93,A
2026-01-01T00:29:45Z,1785.5,2990.630,-2.481,25.54,B
2026-01-01T00:29:46Z,1786.0,2989.731,-1.797,27.19,C
2026-01-01T00:29:46Z,1786.5,2988.179,-3.105,24.10,A
2026-01-01T00:29:47Z,1787.0,2986.947,-2.463,25.48,B
2026-01-01T00:29:47Z,1787.5,2986.032,-1.830,27.44,C
2026-01-01T00:29:48Z,1788.0,2984.269,-3.525,24.25,A
2026-01-01T00:29:48Z,1788.5,2982.949,-2.641,25.35,B
2026-01-01T00:29:49Z,1789.0,2981.972,-1.953,27.14,C
2026-01-01T00:29:49Z,1789.5,2979.994,-3.956,24.29,A
2026-01-01T00:29:50Z,1790.0,2978.499,-2.990,25.38,B
2026-01-01T00:29:50Z,1790.5,2977.332,-2.334,27.10,C
2026-01-01T00:29:51Z,1791.0,2975.295,-4.074,24.56,A
2026-01-01T00:29:51Z,1791.5,2973.705,-3.181,25.91,B
2026-01-01T00:29:52Z,1792.0,2972.578,-2.254,27.63,C
2026-01-01T00:29:52Z,1792.5,2970.641,-3.874,24.24,A
2026-01-01T00:29:53Z,1793.0,2968.992,-3.297,25.99,B
2026-01-01T00:29:53Z,1793.5,2967.694,-2.597,26.99,C
2026-01-01T00:29:54Z,1794.0,2965.466,-4.455,24.06,A
2026-01-01T00:29:54Z,1794.5,2963.591,-3.751,26.34,B
2026-01-01T00:29:55Z,1795.0,2962.107,-2.967,27.42,C
2026-01-01T00:29:55Z,1795.5,2959.941,-4.331,24.09,A
2026-01-01T00:29:56Z,1796.0,2958.135,-3.613,25.96,B
2026-01-01T00:29:56Z,1796.5,2956.814,-2.642,27.09,C
2026-01-01T00:29:57Z,1797.0,2954.687,-4.253,23.99,A
2026-01-01T00:29:57Z,1797.5,2952.672,-4.031,25.42,B
2026-01-01T00:29:58Z,1798.0,2951.227,-2.889,27.29,C
2026-01-01T00:29:58Z,1798.5,2948.943,-4.568,24.51,A
2026-01-01T00:29:59Z,1799.0,2946.854,-4.179,25.67,B
2026-01-01T00:29:59Z,1799.5,2945.193,-3.321,27.90,C
2026-01-01T00:30:00Z,1800.0,2942.878,-4.631,24.47,A
2026-01-01T00:30:00Z,1800.5,2940.855,-4.045,25.98,B
2026-01-01T00:30:01Z,1801.0,2939.297,-3.116,27.39,C
2026-01-01T00:30:01Z,1801.5,2936.804,-4.987,24.87,A
2026-01-01T00:30:02Z,1802.0,2934.555,-4.497,25.51,B
2026-01-01T00:30:02Z,1802.5,2932.913,-3.284,27.16,C
2026-01-01T00:30:03Z,1803.0,2930.313,-5.201,24.91,A
2026-01-01T00:30:03Z,1803.5,2927.997,-4.631,25.87,B
2026-01-01T00:30:04Z,1804.0,2926.100,-3.795,27.48,C
2026-01-01T00:30:04Z,1804.5,2923.536,-5.127,24.83,A
2026-01-01T00:30:05Z,1805.0,2921.149,-4.775,25.68,B
2026-01-01T00:30:05Z,1805.5,2919.256,-3.785,27.01,C
2026-01-01T00:30:06Z,1806.0,2916.397,-5.719,24.49,A
2026-01-01T00:30:06Z,1806.5,2914.080,-4.634,26.00,B
2026-01-01T00:30:07Z,1807.0,2912.002,-4.155,27.13,C
2026-01-01T00:30:07Z,1807.5,2909.040,-5.926,24.35,A
2026-01-01T00:30:08Z,1808.0,2906.490,-5.100,25.94,B
2026-01-01T00:30:08Z,1808.5,2904.377,-4.225,27.27,C
2026-01-01T00:30:09Z,1809.0,2901.472,-5.810,24.94,A
2026-01-01T00:30:09Z,1809.5,2898.899,-5.146,25.56,B
2026-01-01T00:30:10Z,1810.0,2896.813,-4.173,27.22,C
2026-01-01T00:30:10Z,1810.5,2893.798,-6.029,24.80,A
2026-01-01T00:30:11Z,1811.0,2891.120,-5.357,26.25,B
2026-01-01T00:30:11Z,1811.5,2888.786,-4.667,27.74,C
2026-01-01T00:30:12Z,1812.0,2885.680,-6.213,24.73,A
2026-01-01T00:30:12Z,1812.5,2883.140,-5.080,26.13,B
2026-01-01T00:30:13Z,1813.0,2880.792,-4.697,27.49,C
2026-01-01T00:30:13Z,1813.5,2877.617,-6.349,24.19,A
2026-01-01T00:30:14Z,1814.0,2874.725,-5.786,25.78,B
2026-01-01T00:30:14Z,1814.5,2872.375,-4.698,27.43,C
2026-01-01T00:30:15Z,1815.0,2869.185,-6.380,24.66,A
2026-01-01T00:30:15Z,1815.5,2866.484,-5.401,25.87,B
2026-01-01T00:30:16Z,1816.0,2864.048,-4.874,27.51,C
2026-01-01T00:30:16Z,1816.5,2860.881,-6.333,24.46,A
2026-01-01T00:30:17Z,1817.0,2858.092,-5.578,25.76,B
2026-01-01T00:30:17Z,1817.5,2855.472,-5.241,27.46,C
2026-01-01T00:30:18Z,1818.0,2852.180,-6.584,24.57,A
2026-01-01T00:30:18Z,1818.5,2849.246,-5.868,26.29,B
2026-01-01T00:30:19Z,1819.0,2846.558,-5.374,27.43,C
2026-01-01T00:30:19Z,1819.5,2843.244,-6.629,24.86,A
2026-01-01T00:30:20Z,1820.0,2840.182,-6.124,26.52,B
2026-01-01T00:30:20Z,1820.5,2837.501,-5.363,27.55,C
2026-01-01T00:30:21Z,1821.0,2833.889,-7.223,24.33,A
2026-01-01T00:30:21Z,1821.5,2830.665,-6.449,25.67,B
2026-01-01T00:30:22Z,1822.0,2828.043,-5.244,27.14,C
2026-01-01T00:30:22Z,1822.5,2824.574,-6.937,25.05,A
2026-01-01T00:30:23Z,1823.0,2821.322,-6.504,26.25,B
2026-01-01T00:30:23Z,1823.5,2818.577,-5.490,27.36,C
2026-01-01T00:30:24Z,1824.0,2815.059,-7.036,24.18,A
2026-01-01T00:30:24Z,1824.5,2811.899,-6.321,26.29,B
2026-01-01T00:30:25Z,1825.0,2809.099,-5.600,27.30,C
2026-01-01T00:30:25Z,1825.5,2805.402,-7.393,25.15,A
2026-01-01T00:30:26Z,1826.0,2802.048,-6.708,26.47,B
2026-01-01T00:30:26Z,1826.5,2799.221,-5.654,27.24,C
2026-01-01T00:30:27Z,1827.0,2795.418,-7.606,24.65,A
2026-01-01T00:30:27Z,1827.5,2791.951,-6.934,26.27,B
2026-01-01T00:30:28Z,1828.0,2788.878,-6.145,27.49,C
2026-01-01T00:30:28Z,1828.5,2785.099,-7.558,24.77,A
2026-01-01T00:30:29Z,1829.0,2781.609,-6.980,25.98,B
2026-01-01T00:30:29Z,1829.5,2778.578,-6.061,28.16,C
2026-01-01T00:30:30Z,1830.0,2774.830,-7.498,24.37,A
2026-01-01T00:30:30Z,1830.5,2771.352,-6.956,26.31,B
2026-01-01T00:30:31Z,1831.0,2768.383,-5.937,28.21,C
2026-01-01T00:30:31Z,1831.5,2764.399,-7.968,24.62,A
2026-01-01T00:30:32Z,1832.0,2760.775,-7.249,25.90,B
2026-01-01T00:30:32Z,1832.5,2757.513,-6.523,28.22,C
2026-01-01T00:30:33Z,1833.0,2753.544,-7.939,24.48,A
2026-01-01T00:30:33Z,1833.5,2749.858,-7.371,25.89,B
2026-01-01T00:30:34Z,1834.0,2746.700,-6.317,27.32,C
2026-01-01T00:30:34Z,1834.5,2742.757,-7.885,24.94,A
2026-01-01T00:30:35Z,1835.0,2738.985,-7.544,26.06,B
2026-01-01T00:30:35Z,1835.5,2735.564,-6.843,27.67,C
2026-01-01T00:30:36Z,1836.0,2731.614,-7.900,25.12,A
2026-01-01T00:30:36Z,1836.5,2727.770,-7.687,26.37,B
2026-01-01T00:30:37Z,1837.0,2724.331,-6.877,27.67,C
2026-01-01T00:30:37Z,1837.5,2720.298,-8.067,24.52,A
2026-01-01T00:30:38Z,1838.0,2716.526,-7.544,26.42,B
2026-01-01T00:30:38Z,1838.5,2713.063,-6.926,28.26,C
2026-01-01T00:30:39Z,1839.0,2708.873,-8.381,24.71,A
2026-01-01T00:30:39Z,1839.5,2705.047,-7.652,26.36,B
2026-01-01T00:30:40Z,1840.0,2701.550,-6.993,27.94,C
2026-01-01T00:30:40Z,1840.5,2697.306,-8.488,25.11,A
2026-01-01T00:30:41Z,1841.0,2693.562,-7.487,25.94,B
2026-01-01T00:30:41Z,1841.5,2690.092,-6.941,27.90,C
2026-01-01T00:30:42Z,1842.0,2685.801,-8.582,24.87,A
2026-01-01T00:30:42Z,1842.5,2681.791,-8.020,25.86,B
2026-01-01T00:30:43Z,1843.0,2678.375,-6.832,27.87,C
2026-01-01T00:30:43Z,1843.5,2674.065,-8.620,25.33,A
2026-01-01T00:30:44Z,1844.0,2670.054,-8.023,26.72,B
2026-01-01T00:30:44Z,1844.5,2666.520,-7.068,28.05,C
2026-01-01T00:30:45Z,1845.0,2662.281,-8.479,24.52,A
2026-01-01T00:30:45Z,1845.5,2658.367,-7.827,26.34,B
2026-01-01T00:30:46Z,1846.0,2654.892,-6.950,27.60,C
2026-01-01T00:30:46Z,1846.5,2650.372,-9.041,24.87,A
2026-01-01T00:30:47Z,1847.0,2646.417,-7.910,26.27,B
2026-01-01T00:30:47Z,1847.5,2642.820,-7.193,28.22,C
2026-01-01T00:30:48Z,1848.0,2638.249,-9.143,24.42,A
2026-01-01T00:30:48Z,1848.5,2634.020,-8.458,26.38,B
2026-01-01T00:30:49Z,1849.0,2630.203,-7.635,27.70,C
2026-01-01T00:30:49Z,1849.5,2625.793,-8.819,24.99,A
2026-01-01T00:30:50Z,1850.0,2621.752,-8.081,26.24,B
2026-01-01T00:30:50Z,1850.5,2617.922,-7.660,28.31,C
2026-01-01T00:30:51Z,1851.0,2613.265,-9.315,24.68,A
2026-01-01T00:30:51Z,1851.5,2609.206,-8.118,26.64,B
2026-01-01T00:30:52Z,1852.0,2605.383,-7.646,27.45,C
2026-01-01T00:30:52Z,1852.5,2600.702,-9.360,24.59,A
2026-01-01T00:30:53Z,1853.0,2596.540,-8.325,26.13,B
2026-01-01T00:30:53Z,1853.5,2592.575,-7.929,27.82,C
2026-01-01T00:30:54Z,1854.0,2588.081,-8.988,25.12,A
2026-01-01T00:30:54Z,1854.5,2583.955,-8.252,26.77,B
2026-01-01T00:30:55Z,1855.0,2580.132,-7.646,28.09,C
2026-01-01T00:30:55Z,1855.5,2575.542,-9.180,25.25,A
2026-01-01T00:30:56Z,1856.0,2571.371,-8.342,26.01,B
2026-01-01T00:30:56Z,1856.5,2567.455,-7.831,28.40,C
2026-01-01T00:30:57Z,1857.0,2562.847,-9.217,24.86,A
2026-01-01T00:30:57Z,1857.5,2558.480,-8.734,26.16,B
2026-01-01T00:30:58Z,1858.0,2554.595,-7.769,28.32,C
2026-01-01T00:30:58Z,1858.5,2549.725,-9.740,24.51,A
2026-01-01T00:30:59Z,1859.0,2545.373,-8.704,26.38,B
2026-01-01T00:30:59Z,1859.5,2541.437,-7.871,28.31,C
2026-01-01T00:31:00Z,1860.0,2536.765,-9.345,25.31,A
2026-01-01T00:31:00Z,1860.5,2532.426,-8.677,26.73,B
2026-01-01T00:31:01Z,1861.0,2528.574,-7.705,28.18,C
2026-01-01T00:31:01Z,1861.5,2523.679,-9.790,25.26,A
2026-01-01T00:31:02Z,1862.0,2519.344,-8.670,26.79,B
2026-01-01T00:31:02Z,1862.5,2515.378,-7.931,27.84,C
2026-01-01T00:31:03Z,1863.0,2510.531,-9.695,24.53,A
2026-01-01T00:31:03Z,1863.5,2506.100,-8.862,26.98,B
2026-01-01T00:31:04Z,1864.0,2501.925,-8.349,28.35,C
2026-01-01T00:31:04Z,1864.5,2497.219,-9.413,24.77,A
2026-01-01T00:31:05Z,1865.0,2492.745,-8.948,26.87,B
2026-01-01T00:31:05Z,1865.5,2488.724,-8.041,27.69,C
2026-01-01T00:31:06Z,1866.0,2483.737,-9.974,24.73,A
2026-01-01T00:31:06Z,1866.5,2479.368,-8.737,26.61,B
2026-01-01T00:31:07Z,1867.0,2475.423,-7.891,28.24,C
2026-01-01T00:31:07Z,1867.5,2470.646,-9.553,24.92,A
2026-01-01T00:31:08Z,1868.0,2466.225,-8.843,26.28,B
2026-01-01T00:31:08Z,1868.5,2462.008,-8.433,28.16,C
2026-01-01T00:31:09Z,1869.0,2457.214,-9.589,25.56,A
2026-01-01T00:31:09Z,1869.5,2452.661,-9.106,27.00,B
2026-01-01T00:31:10Z,1870.0,2448.698,-7.927,28.00,C
2026-01-01T00:31:10Z,1870.5,2443.753,-9.890,25.24,A
2026-01-01T00:31:11Z,1871.0,2439.101,-9.303,26.89,B
2026-01-01T00:31:11Z,1871.5,2435.011,-8.181,28.22,C
2026-01-01T00:31:12Z,1872.0,2430.187,-9.648,25.19,A
2026-01-01T00:31:12Z,1872.5,2425.593,-9.188,26.29,B
2026-01-01T00:31:13Z,1873.0,2421.588,-8.011,27.96,C
2026-01-01T00:31:13Z,1873.5,2416.692,-9.792,24.98,A
2026-01-01T00:31:14Z,1874.0,2412.048,-9.288,27.09,B
2026-01-01T00:31:14Z,1874.5,2407.837,-8.421,28.17,C
2026-01-01T00:31:15Z,1875.0,2403.001,-9.673,25.57,A
2026-01-01T00:31:15Z,1875.5,2398.312,-9.376,26.32,B
2026-01-01T00:31:16Z,1876.0,2394.128,-8.368,28.21,C
2026-01-01T00:31:16Z,1876.5,2389.065,-10.126,24.96,A
2026-01-01T00:31:17Z,1877.0,2384.472,-9.187,26.97,B
2026-01-01T00:31:17Z,1877.5,2380.233,-8.477,28.15,C
2026-01-01T00:31:18Z,1878.0,2375.124,-10.220,25.20,A
2026-01-01T00:31:18Z,1878.5,2370.428,-9.391,26.48,B
2026-01-01T00:31:19Z,1879.0,2366.208,-8.441,28.57,C
2026-01-01T00:31:19Z,1879.5,2361.271,-9.875,24.81,A
2026-01-01T00:31:20Z,1880.0,2356.607,-9.327,26.41,B
2026-01-01T00:31:20Z,1880.5,2352.478,-8.258,28.04,C
2026-01-01T00:31:21Z,1881.0,2347.520,-9.917,25.42,A
2026-01-01T00:31:21Z,1881.5,2342.865,-9.310,26.69,B
2026-01-01T00:31:22Z,1882.0,2338.772,-8.186,28.03,C
2026-01-01T00:31:22Z,1882.5,2333.921,-9.702,24.84,A
2026-01-01T00:31:23Z,1883.0,2329.322,-9.198,27.01,B
2026-01-01T00:31:23Z,1883.5,2324.982,-8.679,28.09,C
2026-01-01T00:31:24Z,1884.0,2320.040,-9.884,25.14,A
2026-01-01T00:31:24Z,1884.5,2315.556,-8.968,26.32,B
2026-01-01T00:31:25Z,1885.0,2311.461,-8.191,28.14,C
2026-01-01T00:31:25Z,1885.5,2306.560,-9.802,25.15,A
2026-01-01T00:31:26Z,1886.0,2301.926,-9.269,26.28,B
2026-01-01T00:31:26Z,1886.5,2297.631,-8.589,28.41,C
2026-01-01T00:31:27Z,1887.0,2292.547,-10.168,24.92,A
2026-01-01T00:31:27Z,1887.5,2288.019,-9.056,27.02,B
2026-01-01T00:31:28Z,1888.0,2283.739,-8.561,28.13,C
2026-01-01T00:31:28Z,1888.5,2278.802,-9.873,25.10,A
2026-01-01T00:31:29Z,1889.0,2274.238,-9.128,26.39,B
2026-01-01T00:31:29Z,1889.5,2270.095,-8.285,28.70,C
2026-01-01T00:31:30Z,1890.0,2265.196,-9.799,25.02,A
2026-01-01T00:31:30Z,1890.5,2260.532,-9.328,27.06,B
2026-01-01T00:31:31Z,1891.0,2256.455,-8.153,27.84,C
2026-01-01T00:31:31Z,1891.5,2251.615,-9.681,24.97,A
2026-01-01T00:31:32Z,1892.0,2247.016,-9.199,27.04,B
2026-01-01T00:31:32Z,1892.5,2242.946,-8.139,28.10,C
2026-01-01T00:31:33Z,1893.0,2238.104,-9.684,25.22,A
2026-01-01T00:31:33Z,1893.5,2233.408,-9.392,26.47,B
2026-01-01T00:31:34Z,1894.0,2229.378,-8.060,28.03,C
2026-01-01T00:31:34Z,1894.5,2224.370,-10.017,25.62,A
2026-01-01T00:31:35Z,1895.0,2219.831,-9.078,27.27,B
2026-01-01T00:31:35Z,1895.5,2215.768,-8.126,27.98,C
2026-01-01T00:31:36Z,1896.0,2210.801,-9.933,25.59,A
2026-01-01T00:31:36Z,1896.5,2206.329,-8.945,27.30,B
2026-01-01T00:31:37Z,1897.0,2202.044,-8.570,28.08,C
2026-01-01T00:31:37Z,1897.5,2197.046,-9.994,24.93,A
2026-01-01T00:31:38Z,1898.0,2192.632,-8.829,26.53,B
2026-01-01T00:31:38Z,1898.5,2188.492,-8.279,28.06,C
2026-01-01T00:31:39Z,1899.0,2183.428,-10.129,25.62,A
2026-01-01T00:31:39Z,1899.5,2179.011,-8.833,26.81,B
2026-01-01T00:31:40Z,1900.0,2174.885,-8.253,28.49,C
2026-01-01T00:31:40Z,1900.5,2169.959,-9.852,25.23,A
2026-01-01T00:31:41Z,1901.0,2165.594,-8.729,26.45,B
2026-01-01T00:31:41Z,1901.5,2161.615,-7.959,28.53,C
2026-01-01T00:31:42Z,1902.0,2156.697,-9.836,24.97,A
2026-01-01T00:31:42Z,1902.5,2152.320,-8.754,27.14,B
2026-01-01T00:31:43Z,1903.0,2148.203,-8.235,28.27,C
2026-01-01T00:31:43Z,1903.5,2143.332,-9.740,25.81,A
2026-01-01T00:31:44Z,1904.0,2138.916,-8.832,27.21,B
2026-01-01T00:31:44Z,1904.5,2134.757,-8.318,28.10,C
2026-01-01T00:31:45Z,1905.0,2129.984,-9.546,24.91,A
2026-01-01T00:31:45Z,1905.5,2125.696,-8.575,27.12,B
2026-01-01T00:31:46Z,1906.0,2121.793,-7.807,28.39,C
2026-01-01T00:31:46Z,1906.5,2116.926,-9.733,25.79,A
2026-01-01T00:31:47Z,1907.0,2112.392,-9.069,26.62,B
2026-01-01T00:31:47Z,1907.5,2108.448,-7.888,28.54,C
2026-01-01T00:31:48Z,1908.0,2103.668,-9.559,25.73,A
2026-01-01T00:31:48Z,1908.5,2099.209,-8.918,27.14,B
2026-01-01T00:31:49Z,1909.0,2095.112,-8.194,28.71,C
2026-01-01T00:31:49Z,1909.5,2090.484,-9.256,25.35,A
2026-01-01T00:31:50Z,1910.0,2086.231,-8.506,27.00,B
2026-01-01T00:31:50Z,1910.5,2082.180,-8.101,28.41,C
2026-01-01T00:31:51Z,1911.0,2077.361,-9.638,25.26,A
2026-01-01T00:31:51Z,1911.5,2073.050,-8.622,27.20,B
2026-01-01T00:31:52Z,1912.0,2069.021,-8.057,28.50,C
2026-01-01T00:31:52Z,1912.5,2064.283,-9.476,25.68,A
2026-01-01T00:31:53Z,1913.0,2060.084,-8.399,27.46,B
2026-01-01T00:31:53Z,1913.5,2056.305,-7.559,28.01,C
2026-01-01T00:31:54Z,1914.0,2051.694,-9.221,25.01,A
2026-01-01T00:31:54Z,1914.5,2047.565,-8.257,26.85,B
2026-01-01T00:31:55Z,1915.0,2043.577,-7.977,28.45,C
2026-01-01T00:31:55Z,1915.5,2039.004,-9.145,25.45,A
2026-01-01T00:31:56Z,1916.0,2034.777,-8.454,27.04,B
2026-01-01T00:31:56Z,1916.5,2030.932,-7.690,28.75,C
2026-01-01T00:31:57Z,1917.0,2026.254,-9.356,25.09,A
2026-01-01T00:31:57Z,1917.5,2022.194,-8.120,27.29,B
2026-01-01T00:31:58Z,1918.0,2018.359,-7.669,28.67,C
2026-01-01T00:31:58Z,1918.5,2013.659,-9.401,25.66,A
2026-01-01T00:31:59Z,1919.0,2009.452,-8.415,26.74,B
2026-01-01T00:31:59Z,1919.5,2005.689,-7.525,28.26,C
2026-01-01T00:32:00Z,1920.0,2001.096,-9.186,25.04,A
2026-01-01T00:32:00Z,1920.5,1996.895,-8.401,26.94,B
2026-01-01T00:32:01Z,1921.0,1993.135,-7.522,28.45,C
2026-01-01T00:32:01Z,1921.5,1988.644,-8.982,25.64,A
2026-01-01T00:32:02Z,1922.0,1984.652,-7.982,26.57,B
2026-01-01T00:32:02Z,1922.5,1980.977,-7.350,28.98,C
2026-01-01T00:32:03Z,1923.0,1976.510,-8.935,25.86,A
2026-01-01T00:32:03Z,1923.5,1972.395,-8.231,26.93,B
2026-01-01T00:32:04Z,1924.0,1968.760,-7.270,29.02,C
2026-01-01T00:32:04Z,1924.5,1964.405,-8.709,25.88,A
2026-01-01T00:32:05Z,1925.0,1960.434,-7.942,27.20,B
2026-01-01T00:32:05Z,1925.5,1956.720,-7.429,28.30,C
2026-01-01T00:32:06Z,1926.0,1952.438,-8.564,25.46,A
2026-01-01T00:32:06Z,1926.5,1948.359,-8.157,27.30,B
2026-01-01T00:32:07Z,1927.0,1944.703,-7.311,28.73,C
2026-01-01T00:32:07Z,1927.5,1940.271,-8.864,26.02,A
2026-01-01T00:32:08Z,1928.0,1936.296,-7.950,26.70,B
2026-01-01T00:32:08Z,1928.5,1932.707,-7.177,28.46,C
2026-01-01T00:32:09Z,1929.0,1928.376,-8.662,25.62,A
2026-01-01T00:32:09Z,1929.5,1924.556,-7.641,26.63,B
2026-01-01T00:32:10Z,1930.0,1921.207,-6.698,28.40,C
2026-01-01T00:32:10Z,1930.5,1916.880,-8.653,25.80,A
2026-01-01T00:32:11Z,1931.0,1913.020,-7.721,27.47,B
2026-01-01T00:32:11Z,1931.5,1909.766,-6.507,28.63,C
2026-01-01T00:32:12Z,1932.0,1905.617,-8.298,25.74,A
2026-01-01T00:32:12Z,1932.5,1901.785,-7.665,27.37,B
2026-01-01T00:32:13Z,1933.0,1898.361,-6.848,28.72,C
2026-01-01T00:32:13Z,1933.5,1894.401,-7.920,26.10,A
2026-01-01T00:32:14Z,1934.0,1890.582,-7.637,27.50,B
2026-01-01T00:32:14Z,1934.5,1887.245,-6.674,29.06,C
2026-01-01T00:32:15Z,1935.0,1883.321,-7.849,25.37,A
2026-01-01T00:32:15Z,1935.5,1879.652,-7.339,27.45,B
2026-01-01T00:32:16Z,1936.0,1876.396,-6.511,29.06,C
2026-01-01T00:32:16Z,1936.5,1872.357,-8.078,25.73,A
2026-01-01T00:32:17Z,1937.0,1868.667,-7.381,27.43,B
2026-01-01T00:32:17Z,1937.5,1865.405,-6.524,28.86,C
2026-01-01T00:32:18Z,1938.0,1861.315,-8.180,25.34,A
2026-01-01T00:32:18Z,1938.5,1857.704,-7.222,27.26,B
2026-01-01T00:32:19Z,1939.0,1854.467,-6.474,28.96,C
2026-01-01T00:32:19Z,1939.5,1850.474,-7.987,25.68,A
2026-01-01T00:32:20Z,1940.0,1846.890,-7.167,27.10,B
2026-01-01T00:32:20Z,1940.5,1843.811,-6.158,28.97,C
2026-01-01T00:32:21Z,1941.0,1840.020,-7.582,25.36,A
2026-01-01T00:32:21Z,1941.5,1836.621,-6.799,27.02,B
2026-01-01T00:32:22Z,1942.0,1833.661,-5.919,28.96,C
2026-01-01T00:32:22Z,1942.5,1829.850,-7.622,26.13,A
2026-01-01T00:32:23Z,1943.0,1826.573,-6.554,27.32,B
2026-01-01T00:32:23Z,1943.5,1823.529,-6.088,29.01,C
2026-01-01T00:32:24Z,1944.0,1819.875,-7.307,26.16,A
2026-01-01T00:32:24Z,1944.5,1816.505,-6.740,27.53,B
2026-01-01T00:32:25Z,1945.0,1813.780,-5.450,28.70,C
2026-01-01T00:32:25Z,1945.5,1810.287,-6.988,25.28,A
2026-01-01T00:32:26Z,1946.0,1807.166,-6.240,27.56,B
2026-01-01T00:32:26Z,1946.5,1804.503,-5.327,29.10,C
2026-01-01T00:32:27Z,1947.0,1800.814,-7.378,25.91,A
2026-01-01T00:32:27Z,1947.5,1797.522,-6.584,27.71,B
2026-01-01T00:32:28Z,1948.0,1794.811,-5.422,29.10,C
2026-01-01T00:32:28Z,1948.5,1791.337,-6.949,25.55,A
2026-01-01T00:32:29Z,1949.0,1788.380,-5.914,27.62,B
2026-01-01T00:32:29Z,1949.5,1785.578,-5.604,28.49,C
2026-01-01T00:32:30Z,1950.0,1782.043,-7.069,26.22,A
2026-01-01T00:32:30Z,1950.5,1778.916,-6.255,27.17,B
2026-01-01T00:32:31Z,1951.0,1776.374,-5.084,28.97,C
2026-01-01T00:32:31Z,1951.5,1772.949,-6.850,25.92,A
2026-01-01T00:32:32Z,1952.0,1769.919,-6.059,26.87,B
2026-01-01T00:32:32Z,1952.5,1767.318,-5.202,28.75,C
2026-01-01T00:32:33Z,1953.0,1763.940,-6.755,25.47,A
2026-01-01T00:32:33Z,1953.5,1760.918,-6.046,27.30,B
2026-01-01T00:32:34Z,1954.0,1758.465,-4.906,29.29,C
2026-01-01T00:32:34Z,1954.5,1755.132,-6.665,26.23,A
2026-01-01T00:32:35Z,1955.0,1752.318,-5.627,27.63,B
2026-01-01T00:32:35Z,1955.5,1749.998,-4.641,28.94,C
2026-01-01T00:32:36Z,1956.0,1746.876,-6.245,26.02,A
2026-01-01T00:32:36Z,1956.5,1744.120,-5.511,27.69,B
2026-01-01T00:32:37Z,1957.0,1741.936,-4.368,29.11,C
2026-01-01T00:32:37Z,1957.5,1738.817,-6.239,25.85,A
2026-01-01T00:32:38Z,1958.0,1736.012,-5.609,27.21,B
2026-01-01T00:32:38Z,1958.5,1733.660,-4.704,28.72,C
2026-01-01T00:32:39Z,1959.0,1730.517,-6.287,26.24,A
2026-01-01T00:32:39Z,1959.5,1728.053,-4.927,27.08,B
2026-01-01T00:32:40Z,1960.0,1725.951,-4.205,28.64,C
2026-01-01T00:32:40Z,1960.5,1723.085,-5.732,25.53,A
2026-01-01T00:32:41Z,1961.0,1720.728,-4.714,27.50,B
2026-01-01T00:32:41Z,1961.5,1718.509,-4.438,28.98,C
2026-01-01T00:32:42Z,1962.0,1715.598,-5.822,25.90,A
2026-01-01T00:32:42Z,1962.5,1713.220,-4.756,27.62,B
2026-01-01T00:32:43Z,1963.0,1711.156,-4.128,28.68,C
2026-01-01T00:32:43Z,1963.5,1708.311,-5.689,25.93,A
2026-01-01T00:32:44Z,1964.0,1705.923,-4.777,27.18,B
2026-01-01T00:32:44Z,1964.5,1704.100,-3.645,28.78,C
2026-01-01T00:32:45Z,1965.0,1701.343,-5.513,26.01,A
2026-01-01T00:32:45Z,1965.5,1699.094,-4.500,27.21,B
2026-01-01T00:32:46Z,1966.0,1697.277,-3.633,28.53,C
2026-01-01T00:32:46Z,1966.5,1694.656,-5.242,26.40,A
2026-01-01T00:32:47Z,1967.0,1692.603,-4.105,27.72,B
2026-01-01T00:32:47Z,1967.5,1690.799,-3.609,29.01,C
2026-01-01T00:32:48Z,1968.0,1688.282,-5.033,26.01,A
2026-01-01T00:32:48Z,1968.5,1686.199,-4.166,27.91,B
2026-01-01T00:32:49Z,1969.0,1684.507,-3.385,29.40,C
2026-01-01T00:32:49Z,1969.5,1681.994,-5.026,26.30,A
2026-01-01T00:32:50Z,1970.0,1679.968,-4.051,27.21,B
2026-01-01T00:32:50Z,1970.5,1678.488,-2.960,29.40,C
2026-01-01T00:32:51Z,1971.0,1676.068,-4.839,26.03,A
2026-01-01T00:32:51Z,1971.5,1674.123,-3.890,27.17,B
2026-01-01T00:32:52Z,1972.0,1672.720,-2.806,29.14,C
2026-01-01T00:32:52Z,1972.5,1670.505,-4.430,26.09,A
2026-01-01T00:32:53Z,1973.0,1668.551,-3.907,27.04,B
2026-01-01T00:32:53Z,1973.5,1667.154,-2.794,28.70,C
2026-01-01T00:32:54Z,1974.0,1664.933,-4.444,25.85,A
2026-01-01T00:32:54Z,1974.5,1663.254,-3.358,27.34,B
2026-01-01T00:32:55Z,1975.0,1661.804,-2.899,28.76,C
2026-01-01T00:32:55Z,1975.5,1659.655,-4.299,26.02,A
2026-01-01T00:32:56Z,1976.0,1657.960,-3.388,27.16,B
2026-01-01T00:32:56Z,1976.5,1656.717,-2.487,28.56,C
2026-01-01T00:32:57Z,1977.0,1654.667,-4.100,26.42,A
2026-01-01T00:32:57Z,1977.5,1653.069,-3.195,27.19,B
2026-01-01T00:32:58Z,1978.0,1651.741,-2.658,28.96,C
2026-01-01T00:32:58Z,1978.5,1649.881,-3.720,25.84,A
2026-01-01T00:32:59Z,1979.0,1648.309,-3.143,27.96,B
2026-01-01T00:32:59Z,1979.5,1647.194,-2.229,29.20,C
2026-01-01T00:33:00Z,1980.0,1645.324,-3.741,26.04,A
2026-01-01T00:33:00Z,1980.5,1643.883,-2.880,27.71,B
2026-01-01T00:33:01Z,1981.0,1642.896,-1.975,28.68,C
2026-01-01T00:33:01Z,1981.5,1641.068,-3.656,26.04,A
2026-01-01T00:33:02Z,1982.0,1639.772,-2.592,27.48,B
2026-01-01T00:33:02Z,1982.5,1638.819,-1.906,28.66,C
2026-01-01T00:33:03Z,1983.0,1637.018,-3.602,26.25,A
2026-01-01T00:33:03Z,1983.5,1635.611,-2.813,27.28,B
2026-01-01T00:33:04Z,1984.0,1634.814,-1.595,29.47,C
2026-01-01T00:33:04Z,1984.5,1633.337,-2.953,26.02,A
2026-01-01T00:33:05Z,1985.0,1632.228,-2.219,27.46,B
2026-01-01T00:33:05Z,1985.5,1631.492,-1.471,29.02,C
2026-01-01T00:33:06Z,1986.0,1629.862,-3.260,26.24,A
2026-01-01T00:33:06Z,1986.5,1628.736,-2.252,27.14,B
2026-01-01T00:33:07Z,1987.0,1627.995,-1.482,29.39,C
2026-01-01T00:33:07Z,1987.5,1626.444,-3.103,26.21,A
2026-01-01T00:33:08Z,1988.0,1625.405,-2.077,27.26,B
2026-01-01T00:33:08Z,1988.5,1624.874,-1.062,28.81,C
2026-01-01T00:33:09Z,1989.0,1623.452,-2.844,26.59,A
2026-01-01T00:33:09Z,1989.5,1622.556,-1.791,27.62,B
2026-01-01T00:33:10Z,1990.0,1622.077,-0.959,29.05,C
2026-01-01T00:33:10Z,1990.5,1620.689,-2.777,25.79,A
2026-01-01T00:33:11Z,1991.0,1619.777,-1.824,27.40,B
2026-01-01T00:33:11Z,1991.5,1619.339,-0.876,29.62,C
2026-01-01T00:33:12Z,1992.0,1618.291,-2.095,26.10,A
2026-01-01T00:33:12Z,1992.5,1617.460,-1.662,27.82,B
2026-01-01T00:33:13Z,1993.0,1617.100,-0.721,29.04,C
2026-01-01T00:33:13Z,1993.5,1615.951,-2.298,26.03,A
2026-01-01T00:33:14Z,1994.0,1615.467,-0.968,27.48,B
2026-01-01T00:33:14Z,1994.5,1615.203,-0.527,28.72,C
2026-01-01T00:33:15Z,1995.0,1614.192,-2.022,26.20,A
2026-01-01T00:33:15Z,1995.5,1613.731,-0.922,27.81,B
2026-01-01T00:33:16Z,1996.0,1613.542,-0.378,29.70,C
2026-01-01T00:33:16Z,1996.5,1612.682,-1.720,26.26,A
2026-01-01T00:33:17Z,1997.0,1612.139,-1.086,27.71,B
2026-01-01T00:33:17Z,1997.5,1612.138,-0.003,28.92,C
2026-01-01T00:33:18Z,1998.0,1611.258,-1.760,26.30,A
2026-01-01T00:33:18Z,1998.5,1610.849,-0.817,27.74,B
2026-01-01T00:33:19Z,1999.0,1610.999,0.299,29.48,C
2026-01-01T00:33:19Z,1999.5,1610.215,-1.568,26.59,A
2026-01-01T00:33:20Z,2000.0,1610.050,-0.329,28.12,B
2026-01-01T00:33:20Z,2000.5,1610.137,0.173,29.40,C
2026-01-01T00:33:21Z,2001.0,1609.460,-1.354,26.48,A
2026-01-01T00:33:21Z,2001.5,1609.313,-0.294,28.17,B
2026-01-01T00:33:22Z,2002.0,1609.610,0.594,29.19,C
2026-01-01T00:33:22Z,2002.5,1609.206,-0.808,26.34,A
2026-01-01T00:33:23Z,2003.0,1609.094,-0.224,27.94,B
2026-01-01T00:33:23Z,2003.5,1609.516,0.843,29.54,C
2026-01-01T00:33:24Z,2004.0,1609.229,-0.573,25.96,A
2026-01-01T00:33:24Z,2004.5,1609.212,-0.034,27.44,B
2026-01-01T00:33:25Z,2005.0,1609.787,1.150,28.91,C
2026-01-01T00:33:25Z,2005.5,1609.476,-0.622,26.34,A
2026-01-01T00:33:26Z,2006.0,1609.637,0.321,27.47,B
2026-01-01T00:33:26Z,2006.5,1610.099,0.924,28.87,C
2026-01-01T00:33:27Z,2007.0,1609.820,-0.558,25.87,A
2026-01-01T00:33:27Z,2007.5,1609.912,0.185,27.46,B
2026-01-01T00:33:28Z,2008.0,1610.655,1.486,29.59,C
2026-01-01T00:33:28Z,2008.5,1610.492,-0.327,26.21,A
2026-01-01T00:33:29Z,2009.0,1610.921,0.857,28.32,B
2026-01-01T00:33:29Z,2009.5,1611.766,1.691,28.99,C
2026-01-01T00:33:30Z,2010.0,1611.636,-0.260,26.40,A
2026-01-01T00:33:30Z,2010.5,1611.958,0.646,27.72,B
2026-01-01T00:33:31Z,2011.0,1612.645,1.373,29.32,C
2026-01-01T00:33:31Z,2011.5,1612.840,0.390,25.93,A
2026-01-01T00:33:32Z,2012.0,1613.404,1.127,28.24,B
2026-01-01T00:33:32Z,2012.5,1614.431,2.054,29.07,C
2026-01-01T00:33:33Z,2013.0,1614.616,0.370,25.86,A
2026-01-01T00:33:33Z,2013.5,1615.270,1.309,27.60,B
2026-01-01T00:33:34Z,2014.0,1616.347,2.153,29.07,C
2026-01-01T00:33:34Z,2014.5,1616.581,0.468,26.14,A
2026-01-01T00:33:35Z,2015.0,1617.152,1.143,28.12,B
2026-01-01T00:33:35Z,2015.5,1618.190,2.075,29.27,C
2026-01-01T00:33:36Z,2016.0,1618.673,0.966,26.69,A
2026-01-01T00:33:36Z,2016.5,1619.403,1.460,27.46,B
2026-01-01T00:33:37Z,2017.0,1620.615,2.423,29.33,C
2026-01-01T00:33:37Z,2017.5,1620.894,0.560,26.02,A
2026-01-01T00:33:38Z,2018.0,1621.664,1.539,27.53,B
2026-01-01T00:33:38Z,2018.5,1623.000,2.673,29.57,C
2026-01-01T00:33:39Z,2019.0,1623.558,1.116,26.08,A
2026-01-01T00:33:39Z,2019.5,1624.365,1.613,28.06,B
2026-01-01T00:33:40Z,2020.0,1625.712,2.696,28.97,C
2026-01-01T00:33:40Z,2020.5,1626.369,1.313,26.46,A
2026-01-01T00:33:41Z,2021.0,1627.312,1.886,28.06,B
2026-01-01T00:33:41Z,2021.5,1628.784,2.944,29.89,C
2026-01-01T00:33:42Z,2022.0,1629.641,1.715,26.33,A
2026-01-01T00:33:42Z,2022.5,1630.661,2.039,28.43,B
2026-01-01T00:33:43Z,2023.0,1632.216,3.110,29.19,C
2026-01-01T00:33:43Z,2023.5,1633.049,1.666,26.12,A
2026-01-01T00:33:44Z,2024.0,1634.412,2.726,27.90,B
2026-01-01T00:33:44Z,2024.5,1636.217,3.611,29.60,C
2026-01-01T00:33:45Z,2025.0,1637.019,1.603,26.85,A
2026-01-01T00:33:45Z,2025.5,1638.322,2.607,27.91,B
2026-01-01T00:33:46Z,2026.0,1639.950,3.256,29.63,C
2026-01-01T00:33:46Z,2026.5,1640.833,1.765,26.81,A
2026-01-01T00:33:47Z,2027.0,1642.229,2.793,27.67,B
2026-01-01T00:33:47Z,2027.5,1644.044,3.629,29.08,C
2026-01-01T00:33:48Z,2028.0,1645.102,2.117,26.77,A
2026-01-01T00:33:48Z,2028.5,1646.707,3.210,28.46,B
2026-01-01T00:33:49Z,2029.0,1648.723,4.032,29.57,C
2026-01-01T00:33:49Z,2029.5,1649.827,2.209,26.19,A
2026-01-01T00:33:50Z,2030.0,1651.290,2.925,28.26,B
2026-01-01T00:33:50Z,2030.5,1653.245,3.910,29.51,C
2026-01-01T00:33:51Z,2031.0,1654.381,2.272,26.83,A
2026-01-01T00:33:51Z,2031.5,1656.158,3.554,27.66,B
2026-01-01T00:33:52Z,2032.0,1658.154,3.991,29.20,C
2026-01-01T00:33:52Z,2032.5,1659.502,2.696,26.45,A
2026-01-01T00:33:53Z,2033.0,1661.145,3.286,28.42,B
2026-01-01T00:33:53Z,2033.5,1663.475,4.661,29.52,C
2026-01-01T00:33:54Z,2034.0,1664.826,2.703,26.21,A
2026-01-01T00:33:54Z,2034.5,1666.614,3.575,28.40,B
2026-01-01T00:33:55Z,2035.0,1668.880,4.533,29.75,C
2026-01-01T00:33:55Z,2035.5,1670.470,3.180,26.66,A
2026-01-01T00:33:56Z,2036.0,1672.400,3.860,28.35,B
2026-01-01T00:33:56Z,2036.5,1674.856,4.911,29.92,C
2026-01-01T00:33:57Z,2037.0,1676.597,3.483,26.74,A
2026-01-01T00:33:57Z,2037.5,1678.512,3.830,27.83,B
2026-01-01T00:33:58Z,2038.0,1680.858,4.691,29.28,C
2026-01-01T00:33:58Z,2038.5,1682.479,3.244,26.70,A
2026-01-01T00:33:59Z,2039.0,1684.525,4.091,27.62,B
2026-01-01T00:33:59Z,2039.5,1687.033,5.017,29.84,C
2026-01-01T00:34:00Z,2040.0,1688.865,3.664,26.62,A
2026-01-01T00:34:00Z,2040.5,1691.232,4.734,27.62,B
2026-01-01T00:34:01Z,2041.0,1693.939,5.413,29.24,C
2026-01-01T00:34:01Z,2041.5,1695.718,3.559,26.74,A
2026-01-01T00:34:02Z,2042.0,1697.894,4.351,28.46,B
2026-01-01T00:34:02Z,2042.5,1700.556,5.324,29.31,C
2026-01-01T00:34:03Z,2043.0,1702.384,3.657,26.36,A
2026-01-01T00:34:03Z,2043.5,1704.701,4.633,27.76,B
2026-01-01T00:34:04Z,2044.0,1707.394,5.387,29.67,C
2026-01-01T00:34:04Z,2044.5,1709.429,4.071,26.16,A
2026-01-01T00:34:05Z,2045.0,1712.036,5.212,28.38,B
2026-01-01T00:34:05Z,2045.5,1714.863,5.656,29.70,C
2026-01-01T00:34:06Z,2046.0,1717.145,4.564,26.83,A
2026-01-01T00:34:06Z,2046.5,1719.648,5.005,28.57,B
2026-01-01T00:34:07Z,2047.0,1722.605,5.914,29.44,C
2026-01-01T00:34:07Z,2047.5,1724.711,4.213,26.94,A
2026-01-01T00:34:08Z,2048.0,1727.370,5.319,28.05,B
2026-01-01T00:34:08Z,2048.5,1730.468,6.195,29.75,C
2026-01-01T00:34:09Z,2049.0,1732.884,4.832,26.79,A
2026-01-01T00:34:09Z,2049.5,1735.502,5.238,28.39,B
2026-01-01T00:34:10Z,2050.0,1738.599,6.193,30.13,C
2026-01-01T00:34:10Z,2050.5,1740.853,4.508,26.98,A
2026-01-01T00:34:11Z,2051.0,1743.579,5.452,28.31,B
2026-01-01T00:34:11Z,2051.5,1746.863,6.568,30.01,C
2026-01-01T00:34:12Z,2052.0,1749.476,5.224,27.04,A
2026-01-01T00:34:12Z,2052.5,1752.240,5.528,28.37,B
2026-01-01T00:34:13Z,2053.0,1755.708,6.936,30.12,C
2026-01-01T00:34:13Z,2053.5,1758.247,5.079,26.37,A
2026-01-01T00:34:14Z,2054.0,1761.337,6.180,28.66,B
2026-01-01T00:34:14Z,2054.5,1764.646,6.617,29.35,C
2026-01-01T00:34:15Z,2055.0,1767.425,5.558,26.45,A
2026-01-01T00:34:15Z,2055.5,1770.372,5.895,27.97,B
2026-01-01T00:34:16Z,2056.0,1774.008,7.273,29.40,C
2026-01-01T00:34:16Z,2056.5,1776.588,5.158,27.12,A
2026-01-01T00:34:17Z,2057.0,1779.786,6.397,27.77,B
2026-01-01T00:34:17Z,2057.5,1783.244,6.915,29.24,C
2026-01-01T00:34:18Z,2058.0,1786.084,5.680,27.17,A
2026-01-01T00:34:18Z,2058.5,1789.160,6.153,27.75,B
2026-01-01T00:34:19Z,2059.0,1792.707,7.093,29.28,C
2026-01-01T00:34:19Z,2059.5,1795.439,5.464,26.73,A
2026-01-01T00:34:20Z,2060.0,1798.868,6.858,28.20,B
2026-01-01T00:34:20Z,2060.5,1802.519,7.301,29.74,C
2026-01-01T00:34:21Z,2061.0,1805.567,6.096,27.16,A
2026-01-01T00:34:21Z,2061.5,1809.024,6.915,28.33,B
2026-01-01T00:34:22Z,2062.0,1812.853,7.658,29.49,C
2026-01-01T00:34:22Z,2062.5,1815.952,6.198,26.69,A
2026-01-01T00:34:23Z,2063.0,1819.253,6.603,28.55,B
2026-01-01T00:34:23Z,2063.5,1823.187,7.868,29.72,C
2026-01-01T00:34:24Z,2064.0,1826.349,6.323,26.68,A
2026-01-01T00:34:24Z,2064.5,1829.762,6.826,27.97,B
2026-01-01T00:34:25Z,2065.0,1833.607,7.691,29.61,C
2026-01-01T00:34:25Z,2065.5,1836.690,6.165,26.99,A
2026-01-01T00:34:26Z,2066.0,1840.161,6.942,28.54,B
2026-01-01T00:34:26Z,2066.5,1844.301,8.280,29.33,C
2026-01-01T00:34:27Z,2067.0,1847.666,6.730,26.62,A
2026-01-01T00:34:27Z,2067.5,1851.379,7.426,28.60,B
2026-01-01T00:34:28Z,2068.0,1855.354,7.951,29.93,C
2026-01-01T00:34:28Z,2068.5,1858.619,6.529,27.05,A
2026-01-01T00:34:29Z,2069.0,1862.458,7.679,27.98,B
2026-01-01T00:34:29Z,2069.5,1866.589,8.262,29.77,C
2026-01-01T00:34:30Z,2070.0,1869.870,6.561,26.69,A
2026-01-01T00:34:30Z,2070.5,1873.755,7.770,28.10,B
2026-01-01T00:34:31Z,2071.0,1878.120,8.732,30.30,C
2026-01-01T00:34:31Z,2071.5,1881.525,6.809,26.70,A
2026-01-01T00:34:32Z,2072.0,1885.444,7.838,28.01,B
2026-01-01T00:34:32Z,2072.5,1889.760,8.632,29.63,C
2026-01-01T00:34:33Z,2073.0,1893.178,6.836,26.88,A
2026-01-01T00:34:33Z,2073.5,1897.044,7.733,28.10,B
2026-01-01T00:34:34Z,2074.0,1901.444,8.799,29.57,C
2026-01-01T00:34:34Z,2074.5,1905.078,7.268,27.05,A
2026-01-01T00:34:35Z,2075.0,1909.127,8.099,28.54,B
2026-01-01T00:34:35Z,2075.5,1913.497,8.739,29.55,C
2026-01-01T00:34:36Z,2076.0,1917.104,7.214,26.38,A
2026-01-01T00:34:36Z,2076.5,1921.025,7.843,28.48,B
2026-01-01T00:34:37Z,2077.0,1925.590,9.131,30.37,C
2026-01-01T00:34:37Z,2077.5,1929.360,7.540,27.34,A
2026-01-01T00:34:38Z,2078.0,1933.638,8.556,28.80,B
2026-01-01T00:34:38Z,2078.5,1938.244,9.212,30.38,C
2026-01-01T00:34:39Z,2079.0,1941.891,7.295,26.98,A
2026-01-01T00:34:39Z,2079.5,1945.960,8.138,28.01,B
2026-01-01T00:34:40Z,2080.0,1950.477,9.034,29.77,C
2026-01-01T00:34:40Z,2080.5,1954.425,7.897,26.63,A
2026-01-01T00:34:41Z,2081.0,1958.639,8.427,28.33,B
2026-01-01T00:34:41Z,2081.5,1963.326,9.374,29.86,C
2026-01-01T00:34:42Z,2082.0,1967.321,7.990,27.24,A
2026-01-01T00:34:42Z,2082.5,1971.758,8.873,28.46,B
2026-01-01T00:34:43Z,2083.0,1976.617,9.718,30.14,C
2026-01-01T00:34:43Z,2083.5,1980.643,8.053,26.90,A
2026-01-01T00:34:44Z,2084.0,1985.035,8.784,28.33,B
2026-01-01T00:34:44Z,2084.5,1989.781,9.492,30.34,C
2026-01-01T00:34:45Z,2085.0,1993.670,7.779,26.90,A
2026-01-01T00:34:45Z,2085.5,1997.981,8.622,28.73,B
2026-01-01T00:34:46Z,2086.0,2002.911,9.861,29.94,C
2026-01-01T00:34:46Z,2086.5,2006.962,8.101,26.65,A
2026-01-01T00:34:47Z,2087.0,2011.540,9.156,28.34,B
2026-01-01T00:34:47Z,2087.5,2016.513,9.946,29.87,C
2026-01-01T00:34:48Z,2088.0,2020.635,8.244,26.50,A
2026-01-01T00:34:48Z,2088.5,2025.177,9.084,28.05,B
2026-01-01T00:34:49Z,2089.0,2030.165,9.977,30.40,C
2026-01-01T00:34:49Z,2089.5,2034.189,8.047,26.97,A
2026-01-01T00:34:50Z,2090.0,2038.719,9.061,28.81,B
2026-01-01T00:34:50Z,2090.5,2043.831,10.224,29.66,C
2026-01-01T00:34:51Z,2091.0,2048.000,8.339,26.74,A
2026-01-01T00:34:51Z,2091.5,2052.497,8.993,28.29,B
2026-01-01T00:34:52Z,2092.0,2057.680,10.367,29.53,C
2026-01-01T00:34:52Z,2092.5,2062.097,8.833,27.18,A
2026-01-01T00:34:53Z,2093.0,2066.767,9.340,28.63,B
2026-01-01T00:34:53Z,2093.5,2071.813,10.093,29.84,C
2026-01-01T00:34:54Z,2094.0,2076.020,8.414,27.32,A
2026-01-01T00:34:54Z,2094.5,2080.890,9.739,28.80,B
2026-01-01T00:34:55Z,2095.0,2086.056,10.332,30.14,C
2026-01-01T00:34:55Z,2095.5,2090.531,8.949,26.85,A
2026-01-01T00:34:56Z,2096.0,2095.353,9.645,28.21,B
2026-01-01T00:34:56Z,2096.5,2100.693,10.680,29.58,C
2026-01-01T00:34:57Z,2097.0,2105.194,9.001,26.56,A
2026-01-01T00:34:57Z,2097.5,2110.034,9.680,29.03,B
2026-01-01T00:34:58Z,2098.0,2115.164,10.260,30.21,C
2026-01-01T00:34:58Z,2098.5,2119.764,9.201,27.09,A
2026-01-01T00:34:59Z,2099.0,2124.617,9.706,28.32,B
2026-01-01T00:34:59Z,2099.5,2129.848,10.462,29.66,C
2026-01-01T00:35:00Z,2100.0,2134.318,8.941,27.20,A
2026-01-01T00:35:00Z,2100.5,2139.206,9.776,28.10,B
2026-01-01T00:35:01Z,2101.0,2144.563,10.714,30.55,C
2026-01-01T00:35:01Z,2101.5,2149.211,9.294,27.12,A
2026-01-01T00:35:02Z,2102.0,2154.011,9.600,28.19,B
2026-01-01T00:35:02Z,2102.5,2159.338,10.654,30.57,C
2026-01-01T00:35:03Z,2103.0,2163.973,9.270,26.88,A
2026-01-01T00:35:03Z,2103.5,2168.939,9.932,28.45,B
2026-01-01T00:35:04Z,2104.0,2174.320,10.761,30.03,C
2026-01-01T00:35:04Z,2104.5,2178.806,8.972,27.19,A
2026-01-01T00:35:05Z,2105.0,2183.767,9.923,28.39,B
2026-01-01T00:35:05Z,2105.5,2189.072,10.609,30.28,C
2026-01-01T00:35:06Z,2106.0,2193.598,9.053,27.29,A
2026-01-01T00:35:06Z,2106.5,2198.724,10.250,28.64,B
2026-01-01T00:35:07Z,2107.0,2204.271,11.095,30.39,C
2026-01-01T00:35:07Z,2107.5,2209.034,9.525,26.80,A
2026-01-01T00:35:08Z,2108.0,2214.231,10.395,29.07,B
2026-01-01T00:35:08Z,2108.5,2219.739,11.016,29.64,C
2026-01-01T00:35:09Z,2109.0,2224.538,9.598,27.61,A
2026-01-01T00:35:09Z,2109.5,2229.681,10.285,28.66,B
2026-01-01T00:35:10Z,2110.0,2235.091,10.820,30.10,C
2026-01-01T00:35:10Z,2110.5,2239.748,9.314,27.01,A
2026-01-01T00:35:11Z,2111.0,2244.784,10.071,28.38,B
2026-01-01T00:35:11Z,2111.5,2250.476,11.384,30.63,C
2026-01-01T00:35:12Z,2112.0,2255.147,9.342,27.62,A
2026-01-01T00:35:12Z,2112.5,2260.238,10.183,28.42,B
2026-01-01T00:35:13Z,2113.0,2265.956,11.435,30.27,C
2026-01-01T00:35:13Z,2113.5,2270.682,9.453,26.71,A
2026-01-01T00:35:14Z,2114.0,2275.838,10.311,28.65,B
2026-01-01T00:35:14Z,2114.5,2281.437,11.199,29.72,C
2026-01-01T00:35:15Z,2115.0,2286.251,9.627,27.04,A
2026-01-01T00:35:15Z,2115.5,2291.436,10.371,28.38,B
2026-01-01T00:35:16Z,2116.0,2297.171,11.468,29.83,C
2026-01-01T00:35:16Z,2116.5,2302.141,9.941,27.55,A
2026-01-01T00:35:17Z,2117.0,2307.502,10.722,28.60,B
2026-01-01T00:35:17Z,2117.5,2313.094,11.184,30.37,C
2026-01-01T00:35:18Z,2118.0,2318.014,9.840,26.82,A
2026-01-01T00:35:18Z,2118.5,2323.209,10.389,28.94,B
2026-01-01T00:35:19Z,2119.0,2328.885,11.352,29.84,C
2026-01-01T00:35:19Z,2119.5,2333.793,9.817,27.22,A
2026-01-01T00:35:20Z,2120.0,2339.046,10.505,28.49,B
2026-01-01T00:35:20Z,2120.5,2344.825,11.559,29.88,C
2026-01-01T00:35:21Z,2121.0,2349.695,9.739,27.52,A
2026-01-01T00:35:21Z,2121.5,2354.924,10.459,28.27,B
2026-01-01T00:35:22Z,2122.0,2360.573,11.297,30.06,C
2026-01-01T00:35:22Z,2122.5,2365.404,9.662,27.01,A
2026-01-01T00:35:23Z,2123.0,2370.768,10.727,28.61,B
2026-01-01T00:35:23Z,2123.5,2376.415,11.295,30.44,C
2026-01-01T00:35:24Z,2124.0,2381.313,9.797,27.43,A
2026-01-01T00:35:24Z,2124.5,2386.656,10.686,28.53,B
2026-01-01T00:35:25Z,2125.0,2392.522,11.731,30.00,C
2026-01-01T00:35:25Z,2125.5,2397.460,9.876,27.40,A
2026-01-01T00:35:26Z,2126.0,2402.901,10.882,28.46,B
2026-01-01T00:35:26Z,2126.5,2408.628,11.455,30.56,C
2026-01-01T00:35:27Z,2127.0,2413.612,9.967,26.87,A
2026-01-01T00:35:27Z,2127.5,2418.948,10.672,29.03,B
2026-01-01T00:35:28Z,2128.0,2424.639,11.381,29.84,C
2026-01-01T00:35:28Z,2128.5,2429.475,9.673,27.41,A
2026-01-01T00:35:29Z,2129.0,2434.897,10.843,29.00,B
2026-01-01T00:35:29Z,2129.5,2440.763,11.733,30.48,C
2026-01-01T00:35:30Z,2130.0,2445.890,10.254,27.61,A
2026-01-01T00:35:30Z,2130.5,2451.216,10.652,29.04,B
2026-01-01T00:35:31Z,2131.0,2456.932,11.432,30.45,C
2026-01-01T00:35:31Z,2131.5,2461.952,10.039,27.18,A
2026-01-01T00:35:32Z,2132.0,2467.205,10.507,29.16,B
2026-01-01T00:35:32Z,2132.5,2473.141,11.872,30.62,C
2026-01-01T00:35:33Z,2133.0,2478.071,9.858,26.84,A
2026-01-01T00:35:33Z,2133.5,2483.550,10.960,28.54,B
2026-01-01T00:35:34Z,2134.0,2489.462,11.822,30.54,C
2026-01-01T00:35:34Z,2134.5,2494.514,10.106,27.15,A
2026-01-01T00:35:35Z,2135.0,2499.900,10.771,29.31,B
2026-01-01T00:35:35Z,2135.5,2505.775,11.751,30.20,C
2026-01-01T00:35:36Z,2136.0,2510.654,9.758,27.37,A
2026-01-01T00:35:36Z,2136.5,2516.187,11.066,29.01,B
2026-01-01T00:35:37Z,2137.0,2522.065,11.755,30.62,C
2026-01-01T00:35:37Z,2137.5,2527.195,10.261,27.75,A
2026-01-01T00:35:38Z,2138.0,2532.577,10.764,28.36,B
2026-01-01T00:35:38Z,2138.5,2538.353,11.552,29.87,C
2026-01-01T00:35:39Z,2139.0,2543.490,10.274,27.16,A
2026-01-01T00:35:39Z,2139.5,2548.792,10.605,29.16,B
2026-01-01T00:35:40Z,2140.0,2554.666,11.748,30.33,C
2026-01-01T00:35:40Z,2140.5,2559.652,9.973,27.51,A
2026-01-01T00:35:41Z,2141.0,2565.089,10.874,29.13,B
2026-01-01T00:35:41Z,2141.5,2570.943,11.707,30.03,C
2026-01-01T00:35:42Z,2142.0,2575.957,10.028,27.54,A
2026-01-01T00:35:42Z,2142.5,2581.296,10.680,29.23,B
2026-01-01T00:35:43Z,2143.0,2587.028,11.463,30.09,C
2026-01-01T00:35:43Z,2143.5,2591.894,9.732,26.99,A
2026-01-01T00:35:44Z,2144.0,2597.288,10.788,29.00,B
2026-01-01T00:35:44Z,2144.5,2602.953,11.332,30.26,C
2026-01-01T00:35:45Z,2145.0,2608.029,10.150,27.67,A
2026-01-01T00:35:45Z,2145.5,2613.382,10.707,28.76,B
2026-01-01T00:35:46Z,2146.0,2619.160,11.555,30.52,C
2026-01-01T00:35:46Z,2146.5,2624.170,10.021,27.64,A
2026-01-01T00:35:47Z,2147.0,2629.662,10.984,28.80,B
2026-01-01T00:35:47Z,2147.5,2635.547,11.771,29.98,C
2026-01-01T00:35:48Z,2148.0,2640.511,9.928,27.26,A
2026-01-01T00:35:48Z,2148.5,2645.742,10.462,28.90,B
2026-01-01T00:35:49Z,2149.0,2651.453,11.422,30.26,C
2026-01-01T00:35:49Z,2149.5,2656.253,9.600,27.27,A
2026-01-01T00:35:50Z,2150.0,2661.491,10.476,28.47,B
2026-01-01T00:35:50Z,2150.5,2667.255,11.528,30.22,C
2026-01-01T00:35:51Z,2151.0,2672.178,9.847,27.33,A
2026-01-01T00:35:51Z,2151.5,2677.623,10.889,28.47,B
2026-01-01T00:35:52Z,2152.0,2683.191,11.136,30.80,C
2026-01-01T00:35:52Z,2152.5,2688.168,9.954,27.79,A
2026-01-01T00:35:53Z,2153.0,2693.524,10.712,29.03,B
2026-01-01T00:35:53Z,2153.5,2699.174,11.301,30.56,C
2026-01-01T00:35:54Z,2154.0,2704.006,9.664,27.40,A
2026-01-01T00:35:54Z,2154.5,2709.237,10.462,29.26,B
2026-01-01T00:35:55Z,2155.0,2714.788,11.101,30.82,C
2026-01-01T00:35:55Z,2155.5,2719.738,9.899,27.03,A
2026-01-01T00:35:56Z,2156.0,2724.853,10.230,28.49,B
2026-01-01T00:35:56Z,2156.5,2730.374,11.041,30.92,C
2026-01-01T00:35:57Z,2157.0,2735.179,9.612,27.86,A
2026-01-01T00:35:57Z,2157.5,2740.431,10.502,28.71,B
2026-01-01T00:35:58Z,2158.0,2746.055,11.249,30.21,C
2026-01-01T00:35:58Z,2158.5,2751.011,9.913,27.43,A
2026-01-01T00:35:59Z,2159.0,2756.193,10.363,28.49,B
2026-01-01T00:35:59Z,2159.5,2761.865,11.344,30.77,C
2026-01-01T00:36:00Z,2160.0,2766.558,9.387,27.68,A
2026-01-01T00:36:00Z,2160.5,2771.840,10.563,28.81,B
2026-01-01T00:36:01Z,2161.0,2777.329,10.979,30.84,C
2026-01-01T00:36:01Z,2161.5,2782.132,9.605,27.98,A
2026-01-01T00:36:02Z,2162.0,2787.338,10.412,28.57,B
2026-01-01T00:36:02Z,2162.5,2792.883,11.091,30.82,C
2026-01-01T00:36:03Z,2163.0,2797.505,9.243,27.44,A
2026-01-01T00:36:03Z,2163.5,2802.764,10.519,28.73,B
2026-01-01T00:36:04Z,2164.0,2808.120,10.712,30.39,C
2026-01-01T00:36:04Z,2164.5,2812.683,9.125,27.45,A
2026-01-01T00:36:05Z,2165.0,2817.809,10.251,28.64,B
2026-01-01T00:36:05Z,2165.5,2823.278,10.939,30.50,C
2026-01-01T00:36:06Z,2166.0,2828.057,9.559,27.20,A
2026-01-01T00:36:06Z,2166.5,2833.125,10.135,29.39,B
2026-01-01T00:36:07Z,2167.0,2838.490,10.730,30.35,C
2026-01-01T00:36:07Z,2167.5,2843.236,9.494,27.72,A
2026-01-01T00:36:08Z,2168.0,2848.167,9.860,29.50,B
2026-01-01T00:36:08Z,2168.5,2853.596,10.859,30.98,C
2026-01-01T00:36:09Z,2169.0,2858.119,9.045,27.74,A
2026-01-01T00:36:09Z,2169.5,2863.064,9.891,29.09,B
2026-01-01T00:36:10Z,2170.0,2868.416,10.704,30.87,C
2026-01-01T00:36:10Z,2170.5,2872.983,9.132,27.26,A
2026-01-01T00:36:11Z,2171.0,2878.030,10.095,29.52,B
2026-01-01T00:36:11Z,2171.5,2883.452,10.843,30.26,C
2026-01-01T00:36:12Z,2172.0,2887.904,8.905,27.85,A
2026-01-01T00:36:12Z,2172.5,2892.673,9.537,28.63,B
2026-01-01T00:36:13Z,2173.0,2897.884,10.422,30.28,C
2026-01-01T00:36:13Z,2173.5,2902.312,8.856,27.92,A
2026-01-01T00:36:14Z,2174.0,2907.212,9.799,29.54,B
2026-01-01T00:36:14Z,2174.5,2912.439,10.454,30.14,C
2026-01-01T00:36:15Z,2175.0,2916.892,8.907,27.29,A
2026-01-01T00:36:15Z,2175.5,2921.696,9.607,28.73,B
2026-01-01T00:36:16Z,2176.0,2927.014,10.636,30.14,C
2026-01-01T00:36:16Z,2176.5,2931.488,8.947,27.30,A
2026-01-01T00:36:17Z,2177.0,2936.361,9.747,29.44,B
2026-01-01T00:36:17Z,2177.5,2941.425,10.127,30.76,C
2026-01-01T00:36:18Z,2178.0,2945.838,8.827,27.23,A
2026-01-01T00:36:18Z,2178.5,2950.645,9.613,29.06,B
2026-01-01T00:36:19Z,2179.0,2955.848,10.407,30.69,C
2026-01-01T00:36:19Z,2179.5,2960.123,8.550,27.31,A
2026-01-01T00:36:20Z,2180.0,2964.761,9.277,28.71,B
2026-01-01T00:36:20Z,2180.5,2969.773,10.024,30.82,C
2026-01-01T00:36:21Z,2181.0,2973.961,8.375,27.60,A
2026-01-01T00:36:21Z,2181.5,2978.511,9.100,29.09,B
2026-01-01T00:36:22Z,2182.0,2983.631,10.239,30.49,C
2026-01-01T00:36:22Z,2182.5,2987.734,8.207,27.22,A
2026-01-01T00:36:23Z,2183.0,2992.413,9.359,29.54,B
2026-01-01T00:36:23Z,2183.5,2997.473,10.119,30.90,C
2026-01-01T00:36:24Z,2184.0,3001.686,8.426,27.55,A
2026-01-01T00:36:24Z,2184.5,3006.139,8.906,29.56,B
2026-01-01T00:36:25Z,2185.0,3010.955,9.632,30.71,C
2026-01-01T00:36:25Z,2185.5,3014.971,8.032,27.50,A
2026-01-01T00:36:26Z,2186.0,3019.289,8.636,29.29,B
2026-01-01T00:36:26Z,2186.5,3024.082,9.585,31.08,C
2026-01-01T00:36:27Z,2187.0,3028.174,8.184,27.71,A
2026-01-01T00:36:27Z,2187.5,3032.456,8.564,28.77,B
2026-01-01T00:36:28Z,2188.0,3037.221,9.530,31.11,C
2026-01-01T00:36:28Z,2188.5,3041.335,8.228,27.22,A
2026-01-01T00:36:29Z,2189.0,3045.789,8.908,29.60,B
2026-01-01T00:36:29Z,2189.5,3050.388,9.199,31.09,C
2026-01-01T00:36:30Z,2190.0,3054.253,7.729,27.62,A
2026-01-01T00:36:30Z,2190.5,3058.401,8.295,29.14,B
2026-01-01T00:36:31Z,2191.0,3063.136,9.471,30.69,C
2026-01-01T00:36:31Z,2191.5,3067.035,7.797,27.94,A
2026-01-01T00:36:32Z,2192.0,3071.241,8.413,29.49,B
2026-01-01T00:36:32Z,2192.5,3075.902,9.323,30.88,C
2026-01-01T00:36:33Z,2193.0,3079.846,7.886,27.99,A
2026-01-01T00:36:33Z,2193.5,3083.900,8.109,29.50,B
2026-01-01T00:36:34Z,2194.0,3088.419,9.038,31.06,C
2026-01-01T00:36:34Z,2194.5,3092.046,7.254,27.59,A
2026-01-01T00:36:35Z,2195.0,3096.265,8.439,29.08,B
2026-01-01T00:36:35Z,2195.5,3100.792,9.053,30.88,C
2026-01-01T00:36:36Z,2196.0,3104.489,7.394,27.87,A
2026-01-01T00:36:36Z,2196.5,3108.609,8.241,29.19,B
2026-01-01T00:36:37Z,2197.0,3113.163,9.108,30.38,C
2026-01-01T00:36:37Z,2197.5,3116.808,7.290,27.90,A
2026-01-01T00:36:38Z,2198.0,3120.708,7.800,28.78,B
2026-01-01T00:36:38Z,2198.5,3125.031,8.646,30.96,C
2026-01-01T00:36:39Z,2199.0,3128.598,7.134,27.88,A
2026-01-01T00:36:39Z,2199.5,3132.656,8.116,29.32,B
2026-01-01T00:36:40Z,2200.0,3136.819,8.326,30.65,C
2026-01-01T00:36:40Z,2200.5,3140.283,6.928,28.03,A
2026-01-01T00:36:41Z,2201.0,3144.201,7.835,29.64,B
2026-01-01T00:36:41Z,2201.5,3148.363,8.324,30.42,C
2026-01-01T00:36:42Z,2202.0,3151.801,6.877,28.16,A
2026-01-01T00:36:42Z,2202.5,3155.573,7.544,29.61,B
2026-01-01T00:36:43Z,2203.0,3159.620,8.094,30.43,C
2026-01-01T00:36:43Z,2203.5,3163.030,6.820,27.43,A
2026-01-01T00:36:44Z,2204.0,3166.847,7.633,29.69,B
2026-01-01T00:36:44Z,2204.5,3171.002,8.310,30.78,C
2026-01-01T00:36:45Z,2205.0,3174.317,6.630,28.04,A
2026-01-01T00:36:45Z,2205.5,3178.052,7.470,29.17,B
2026-01-01T00:36:46Z,2206.0,3182.211,8.317,30.35,C
2026-01-01T00:36:46Z,2206.5,3185.367,6.312,27.72,A
2026-01-01T00:36:47Z,2207.0,3188.952,7.169,29.20,B
2026-01-01T00:36:47Z,2207.5,3192.779,7.655,31.16,C
2026-01-01T00:36:48Z,2208.0,3195.960,6.361,27.29,A
2026-01-01T00:36:48Z,2208.5,3199.521,7.122,29.33,B
2026-01-01T00:36:49Z,2209.0,3203.373,7.706,31.07,C
2026-01-01T00:36:49Z,2209.5,3206.392,6.038,27.35,A
2026-01-01T00:36:50Z,2210.0,3209.860,6.936,29.22,B
2026-01-01T00:36:50Z,2210.5,3213.526,7.331,30.92,C
2026-01-01T00:36:51Z,2211.0,3216.499,5.946,28.22,A
2026-01-01T00:36:51Z,2211.5,3219.826,6.654,29.53,B
2026-01-01T00:36:52Z,2212.0,3223.608,7.564,30.47,C
2026-01-01T00:36:52Z,2212.5,3226.527,5.838,27.40,A
2026-01-01T00:36:53Z,2213.0,3229.925,6.797,29.75,B
2026-01-01T00:36:53Z,2213.5,3233.445,7.041,30.71,C
2026-01-01T00:36:54Z,2214.0,3236.384,5.877,27.56,A
2026-01-01T00:36:54Z,2214.5,3239.614,6.459,29.48,B
2026-01-01T00:36:55Z,2215.0,3243.297,7.367,30.76,C
2026-01-01T00:36:55Z,2215.5,3246.093,5.591,27.51,A
2026-01-01T00:36:56Z,2216.0,3249.122,6.058,28.94,B
2026-01-01T00:36:56Z,2216.5,3252.588,6.934,31.18,C
2026-01-01T00:36:57Z,2217.0,3255.292,5.406,27.64,A
2026-01-01T00:36:57Z,2217.5,3258.469,6.356,28.96,B
2026-01-01T00:36:58Z,2218.0,3261.814,6.689,31.22,C
2026-01-01T00:36:58Z,2218.5,3264.522,5.415,27.35,A
2026-01-01T00:36:59Z,2219.0,3267.534,6.025,28.89,B
2026-01-01T00:36:59Z,2219.5,3270.987,6.906,31.01,C
2026-01-01T00:37:00Z,2220.0,3273.496,5.019,27.44,A
2026-01-01T00:37:00Z,2220.5,3276.490,5.988,29.57,B
2026-01-01T00:37:01Z,2221.0,3279.726,6.471,30.68,C
2026-01-01T00:37:01Z,2221.5,3282.075,4.698,27.95,A
2026-01-01T00:37:02Z,2222.0,3284.787,5.424,29.79,B
2026-01-01T00:37:02Z,2222.5,3288.001,6.429,31.22,C
2026-01-01T00:37:03Z,2223.0,3290.240,4.478,28.18,A
2026-01-01T00:37:03Z,2223.5,3293.057,5.634,29.16,B
2026-01-01T00:37:04Z,2224.0,3296.043,5.971,31.32,C
2026-01-01T00:37:04Z,2224.5,3298.289,4.493,28.04,A
2026-01-01T00:37:05Z,2225.0,3301.041,5.504,29.54,B
2026-01-01T00:37:05Z,2225.5,3303.894,5.706,30.72,C
2026-01-01T00:37:06Z,2226.0,3305.930,4.072,28.12,A
2026-01-01T00:37:06Z,2226.5,3308.418,4.976,29.36,B
2026-01-01T00:37:07Z,2227.0,3311.332,5.828,30.90,C
2026-01-01T00:37:07Z,2227.5,3313.288,3.913,28.32,A
2026-01-01T00:37:08Z,2228.0,3315.883,5.190,29.03,B
2026-01-01T00:37:08Z,2228.5,3318.579,5.392,31.32,C
2026-01-01T00:37:09Z,2229.0,3320.542,3.926,28.18,A
2026-01-01T00:37:09Z,2229.5,3322.838,4.590,29.15,B
2026-01-01T00:37:10Z,2230.0,3325.651,5.627,30.76,C
2026-01-01T00:37:10Z,2230.5,3327.563,3.825,28.27,A
2026-01-01T00:37:11Z,2231.0,3329.849,4.572,29.24,B
2026-01-01T00:37:11Z,2231.5,3332.600,5.502,30.82,C
2026-01-01T00:37:12Z,2232.0,3334.362,3.523,27.81,A
2026-01-01T00:37:12Z,2232.5,3336.579,4.434,29.00,B
2026-01-01T00:37:13Z,2233.0,3339.063,4.968,30.78,C
2026-01-01T00:37:13Z,2233.5,3340.679,3.232,27.60,A
2026-01-01T00:37:14Z,2234.0,3342.787,4.216,29.42,B
2026-01-01T00:37:14Z,2234.5,3345.312,5.050,30.85,C
2026-01-01T00:37:15Z,2235.0,3346.923,3.222,28.17,A
2026-01-01T00:37:15Z,2235.5,3348.867,3.889,29.45,B
2026-01-01T00:37:16Z,2236.0,3351.163,4.592,31.29,C
2026-01-01T00:37:16Z,2236.5,3352.717,3.107,28.01,A
2026-01-01T00:37:17Z,2237.0,3354.780,4.126,28.98,B
2026-01-01T00:37:17Z,2237.5,3357.126,4.693,30.48,C
2026-01-01T00:37:18Z,2238.0,3358.514,2.776,27.57,A
2026-01-01T00:37:18Z,2238.5,3360.384,3.739,29.14,B
2026-01-01T00:37:19Z,2239.0,3362.651,4.535,30.59,C
2026-01-01T00:37:19Z,2239.5,3364.003,2.703,28.20,A
2026-01-01T00:37:20Z,2240.0,3365.740,3.474,29.90,B
2026-01-01T00:37:20Z,2240.5,3367.979,4.480,30.94,C
2026-01-01T00:37:21Z,2241.0,3369.286,2.613,28.01,A
2026-01-01T00:37:21Z,2241.5,3371.015,3.458,29.96,B
2026-01-01T00:37:22Z,2242.0,3373.137,4.244,30.72,C
2026-01-01T00:37:22Z,2242.5,3374.435,2.597,27.97,A
2026-01-01T00:37:23Z,2243.0,3376.099,3.328,29.89,B
2026-01-01T00:37:23Z,2243.5,3378.182,4.165,30.99,C
2026-01-01T00:37:24Z,2244.0,3379.188,2.012,27.72,A
2026-01-01T00:37:24Z,2244.5,3380.584,2.793,29.33,B
2026-01-01T00:37:25Z,2245.0,3382.465,3.762,31.10,C
2026-01-01T00:37:25Z,2245.5,3383.435,1.939,28.19,A
2026-01-01T00:37:26Z,2246.0,3384.892,2.914,29.94,B
2026-01-01T00:37:26Z,2246.5,3386.657,3.531,30.63,C
2026-01-01T00:37:27Z,2247.0,3387.541,1.767,27.76,A
2026-01-01T00:37:27Z,2247.5,3388.809,2.536,29.95,B
2026-01-01T00:37:28Z,2248.0,3390.464,3.310,31.00,C
2026-01-01T00:37:28Z,2248.5,3391.281,1.634,27.81,A
2026-01-01T00:37:29Z,2249.0,3392.537,2.513,29.88,B
2026-01-01T00:37:29Z,2249.5,3394.201,3.327,30.86,C
2026-01-01T00:37:30Z,2250.0,3395.074,1.746,27.73,A
2026-01-01T00:37:30Z,2250.5,3396.052,1.955,29.75,B
2026-01-01T00:37:31Z,2251.0,3397.398,2.693,31.17,C
2026-01-01T00:37:31Z,2251.5,3398.093,1.390,27.77,A
2026-01-01T00:37:32Z,2252.0,3399.234,2.282,29.37,B
2026-01-01T00:37:32Z,2252.5,3400.646,2.825,30.61,C
2026-01-01T00:37:33Z,2253.0,3401.222,1.152,27.72,A
2026-01-01T00:37:33Z,2253.5,3402.244,2.042,29.42,B
2026-01-01T00:37:34Z,2254.0,3403.453,2.419,31.37,C
2026-01-01T00:37:34Z,2254.5,3403.823,0.739,27.62,A
2026-01-01T00:37:35Z,2255.0,3404.581,1.517,29.88,B
2026-01-01T00:37:35Z,2255.5,3405.906,2.650,30.87,C
2026-01-01T00:37:36Z,2256.0,3406.240,0.667,27.70,A
2026-01-01T00:37:36Z,2256.5,3406.972,1.464,29.22,B
2026-01-01T00:37:37Z,2257.0,3408.018,2.093,30.79,C
2026-01-01T00:37:37Z,2257.5,3408.286,0.535,28.13,A
2026-01-01T00:37:38Z,2258.0,3408.851,1.130,29.81,B
2026-01-01T00:37:38Z,2258.5,3409.993,2.285,30.68,C
2026-01-01T00:37:39Z,2259.0,3410.305,0.624,28.12,A
2026-01-01T00:37:39Z,2259.5,3410.941,1.273,29.67,B
2026-01-01T00:37:40Z,2260.0,3411.848,1.813,31.17,C
2026-01-01T00:37:40Z,2260.5,3412.016,0.337,27.66,A
2026-01-01T00:37:41Z,2261.0,3412.556,1.080,29.67,B
2026-01-01T00:37:41Z,2261.5,3413.250,1.387,30.65,C
2026-01-01T00:37:42Z,2262.0,3413.161,-0.177,28.01,A
2026-01-01T00:37:42Z,2262.5,3413.592,0.860,29.49,B
2026-01-01T00:37:43Z,2263.0,3414.233,1.282,30.62,C
2026-01-01T00:37:43Z,2263.5,3414.161,-0.144,27.71,A
2026-01-01T00:37:44Z,2264.0,3414.389,0.457,29.72,B
2026-01-01T00:37:44Z,2264.5,3415.102,1.425,30.90,C
2026-01-01T00:37:45Z,2265.0,3415.056,-0.092,27.88,A
2026-01-01T00:37:45Z,2265.5,3415.362,0.613,29.41,B
2026-01-01T00:37:46Z,2266.0,3415.817,0.908,31.44,C
2026-01-01T00:37:46Z,2266.5,3415.384,-0.864,28.57,A
2026-01-01T00:37:47Z,2267.0,3415.447,0.126,29.14,B
2026-01-01T00:37:47Z,2267.5,3416.007,1.121,31.43,C
2026-01-01T00:37:48Z,2268.0,3415.564,-0.886,27.87,A
2026-01-01T00:37:48Z,2268.5,3415.671,0.213,29.61,B
2026-01-01T00:37:49Z,2269.0,3415.963,0.585,30.98,C
2026-01-01T00:37:49Z,2269.5,3415.405,-1.116,28.57,A
2026-01-01T00:37:50Z,2270.0,3415.372,-0.067,29.93,B
2026-01-01T00:37:50Z,2270.5,3415.518,0.292,30.63,C
2026-01-01T00:37:51Z,2271.0,3414.898,-1.241,27.82,A
2026-01-01T00:37:51Z,2271.5,3414.771,-0.254,29.66,B
2026-01-01T00:37:52Z,2272.0,3414.812,0.083,31.27,C
2026-01-01T00:37:52Z,2272.5,3414.290,-1.044,27.94,A
2026-01-01T00:37:53Z,2273.0,3413.886,-0.809,29.90,B
2026-01-01T00:37:53Z,2273.5,3413.993,0.214,31.37,C
2026-01-01T00:37:54Z,2274.0,3413.331,-1.325,28.49,A
2026-01-01T00:37:54Z,2274.5,3412.910,-0.842,29.46,B
2026-01-01T00:37:55Z,2275.0,3412.975,0.131,30.65,C
2026-01-01T00:37:55Z,2275.5,3412.112,-1.727,28.35,A
2026-01-01T00:37:56Z,2276.0,3411.570,-1.084,30.07,B
2026-01-01T00:37:56Z,2276.5,3411.439,-0.263,30.62,C
2026-01-01T00:37:57Z,2277.0,3410.522,-1.833,28.04,A
2026-01-01T00:37:57Z,2277.5,3409.898,-1.248,29.97,B
2026-01-01T00:37:58Z,2278.0,3409.682,-0.432,31.40,C
2026-01-01T00:37:58Z,2278.5,3408.712,-1.939,28.33,A
2026-01-01T00:37:59Z,2279.0,3407.942,-1.541,30.12,B
2026-01-01T00:37:59Z,2279.5,3407.517,-0.850,30.70,C
2026-01-01T00:38:00Z,2280.0,3406.404,-2.227,28.46,A
2026-01-01T00:38:00Z,2280.5,3405.760,-1.288,29.40,B
2026-01-01T00:38:01Z,2281.0,3405.416,-0.687,31.20,C
2026-01-01T00:38:01Z,2281.5,3404.200,-2.434,28.55,A
2026-01-01T00:38:02Z,2282.0,3403.209,-1.980,29.45,B
2026-01-01T00:38:02Z,2282.5,3402.666,-1.087,30.71,C
2026-01-01T00:38:03Z,2283.0,3401.434,-2.464,28.18,A
2026-01-01T00:38:03Z,2283.5,3400.460,-1.948,29.81,B
2026-01-01T00:38:04Z,2284.0,3399.768,-1.384,31.28,C
2026-01-01T00:38:04Z,2284.5,3398.405,-2.726,27.66,A
2026-01-01T00:38:05Z,2285.0,3397.341,-2.127,29.30,B
2026-01-01T00:38:05Z,2285.5,3396.549,-1.586,31.53,C
2026-01-01T00:38:06Z,2286.0,3395.046,-3.006,28.43,A
2026-01-01T00:38:06Z,2286.5,3393.788,-2.516,29.57,B
2026-01-01T00:38:07Z,2287.0,3392.922,-1.733,30.68,C
2026-01-01T00:38:07Z,2287.5,3391.448,-2.946,28.48,A
2026-01-01T00:38:08Z,2288.0,3390.253,-2.390,29.46,B
2026-01-01T00:38:08Z,2288.5,3389.323,-1.860,30.92,C
2026-01-01T00:38:09Z,2289.0,3387.650,-3.346,28.31,A
2026-01-01T00:38:09Z,2289.5,3386.458,-2.384,29.94,B
2026-01-01T00:38:10Z,2290.0,3385.541,-1.833,30.83,C
2026-01-01T00:38:10Z,2290.5,3383.906,-3.271,27.76,A
2026-01-01T00:38:11Z,2291.0,3382.465,-2.881,29.24,B
2026-01-01T00:38:11Z,2291.5,3381.340,-2.251,31.00,C
2026-01-01T00:38:12Z,2292.0,3379.648,-3.383,28.66,A
2026-01-01T00:38:12Z,2292.5,3378.217,-2.863,29.20,B
2026-01-01T00:38:13Z,2293.0,3377.211,-2.012,31.53,C
2026-01-01T00:38:13Z,2293.5,3375.193,-4.037,27.84,A
2026-01-01T00:38:14Z,2294.0,3373.657,-3.072,30.09,B
2026-01-01T00:38:14Z,2294.5,3372.599,-2.115,31.07,C
2026-01-01T00:38:15Z,2295.0,3370.492,-4.214,28.42,A
2026-01-01T00:38:15Z,2295.5,3368.754,-3.478,29.48,B
2026-01-01T00:38:16Z,2296.0,3367.497,-2.513,31.47,C
2026-01-01T00:38:16Z,2296.5,3365.479,-4.036,28.33,A
2026-01-01T00:38:17Z,2297.0,3363.690,-3.578,29.49,B
2026-01-01T00:38:17Z,2297.5,3362.451,-2.477,31.46,C
2026-01-01T00:38:18Z,2298.0,3360.216,-4.470,27.71,A
2026-01-01T00:38:18Z,2298.5,3358.497,-3.439,29.48,B
2026-01-01T00:38:19Z,2299.0,3357.150,-2.694,31.11,C
2026-01-01T00:38:19Z,2299.5,3354.860,-4.579,28.20,A
2026-01-01T00:38:20Z,2300.0,3352.836,-4.049,30.00,B
2026-01-01T00:38:20Z,2300.5,3351.465,-2.742,31.15,C
2026-01-01T00:38:21Z,2301.0,3348.988,-4.954,27.84,A
2026-01-01T00:38:21Z,2301.5,3347.006,-3.965,30.04,B
2026-01-01T00:38:22Z,2302.0,3345.386,-3.240,31.37,C
2026-01-01T00:38:22Z,2302.5,3342.916,-4.940,28.39,A
2026-01-01T00:38:23Z,2303.0,3340.983,-3.865,29.76,B
2026-01-01T00:38:23Z,2303.5,3339.251,-3.464,31.37,C
2026-01-01T00:38:24Z,2304.0,3336.711,-5.080,28.31,A
2026-01-01T00:38:24Z,2304.5,3334.440,-4.543,29.37,B
2026-01-01T00:38:25Z,2305.0,3332.702,-3.476,31.57,C
2026-01-01T00:38:25Z,2305.5,3329.971,-5.462,28.68,A
2026-01-01T00:38:26Z,2306.0,3327.845,-4.253,29.32,B
2026-01-01T00:38:26Z,2306.5,3326.048,-3.594,31.26,C
2026-01-01T00:38:27Z,2307.0,3323.344,-5.408,28.49,A
2026-01-01T00:38:27Z,2307.5,3321.117,-4.454,30.24,B
2026-01-01T00:38:28Z,2308.0,3319.068,-4.099,30.79,C
2026-01-01T00:38:28Z,2308.5,3316.326,-5.483,27.79,A
2026-01-01T00:38:29Z,2309.0,3313.890,-4.872,29.31,B
2026-01-01T00:38:29Z,2309.5,3312.000,-3.781,31.47,C
2026-01-01T00:38:30Z,2310.0,3309.265,-5.469,27.83,A
2026-01-01T00:38:30Z,2310.5,3306.856,-4.819,29.26,B
2026-01-01T00:38:31Z,2311.0,3304.708,-4.295,31.36,C
2026-01-01T00:38:31Z,2311.5,3301.897,-5.622,28.73,A
2026-01-01T00:38:32Z,2312.0,3299.376,-5.042,30.16,B
2026-01-01T00:38:32Z,2312.5,3297.173,-4.407,31.32,C
2026-01-01T00:38:33Z,2313.0,3294.051,-6.243,28.36,A
2026-01-01T00:38:33Z,2313.5,3291.422,-5.258,29.98,B
2026-01-01T00:38:34Z,2314.0,3289.299,-4.246,30.97,C
2026-01-01T00:38:34Z,2314.5,3286.145,-6.307,28.26,A
2026-01-01T00:38:35Z,2315.0,3283.343,-5.604,30.13,B
2026-01-01T00:38:35Z,2315.5,3280.958,-4.770,30.79,C
2026-01-01T00:38:36Z,2316.0,3277.849,-6.219,27.98,A
2026-01-01T00:38:36Z,2316.5,3275.215,-5.267,29.71,B
2026-01-01T00:38:37Z,2317.0,3272.889,-4.652,31.29,C
2026-01-01T00:38:37Z,2317.5,3269.587,-6.605,28.25,A
2026-01-01T00:38:38Z,2318.0,3266.781,-5.611,29.74,B
2026-01-01T00:38:38Z,2318.5,3264.407,-4.748,31.14,C
2026-01-01T00:38:39Z,2319.0,3261.086,-6.641,27.97,A
2026-01-01T00:38:39Z,2319.5,3258.215,-5.742,29.39,B
2026-01-01T00:38:40Z,2320.0,3255.749,-4.933,31.38,C
2026-01-01T00:38:40Z,2320.5,3252.490,-6.517,28.15,A
2026-01-01T00:38:41Z,2321.0,3249.465,-6.052,29.62,B
2026-01-01T00:38:41Z,2321.5,3246.801,-5.328,31.57,C
2026-01-01T00:38:42Z,2322.0,3243.267,-7.067,27.99,A
2026-01-01T00:38:42Z,2322.5,3240.286,-5.963,29.66,B
2026-01-01T00:38:43Z,2323.0,3237.726,-5.119,31.45,C
2026-01-01T00:38:43Z,2323.5,3234.132,-7.188,28.04,A
2026-01-01T00:38:44Z,2324.0,3231.023,-6.220,29.75,B
2026-01-01T00:38:44Z,2324.5,3228.400,-5.245,31.28,C
2026-01-01T00:38:45Z,2325.0,3224.895,-7.010,27.87,A
2026-01-01T00:38:45Z,2325.5,3221.610,-6.571,29.96,B
2026-01-01T00:38:46Z,2326.0,3218.873,-5.474,31.22,C
2026-01-01T00:38:46Z,2326.5,3215.358,-7.028,27.84,A
2026-01-01T00:38:47Z,2327.0,3212.128,-6.460,29.75,B
2026-01-01T00:38:47Z,2327.5,3209.411,-5.435,30.97,C
2026-01-01T00:38:48Z,2328.0,3205.618,-7.587,28.11,A
2026-01-01T00:38:48Z,2328.5,3202.377,-6.482,30.26,B
2026-01-01T00:38:49Z,2329.0,3199.509,-5.736,31.69,C
2026-01-01T00:38:49Z,2329.5,3195.911,-7.196,28.16,A
2026-01-01T00:38:50Z,2330.0,3192.578,-6.667,30.26,B
2026-01-01T00:38:50Z,2330.5,3189.701,-5.754,31.65,C
2026-01-01T00:38:51Z,2331.0,3185.797,-7.807,27.89,A
2026-01-01T00:38:51Z,2331.5,3182.338,-6.919,29.96,B
2026-01-01T00:38:52Z,2332.0,3179.307,-6.062,31.76,C
2026-01-01T00:38:52Z,2332.5,3175.437,-7.740,28.62,A
2026-01-01T00:38:53Z,2333.0,3172.041,-6.792,29.42,B
2026-01-01T00:38:53Z,2333.5,3168.929,-6.225,31.58,C
2026-01-01T00:38:54Z,2334.0,3165.141,-7.575,28.21,A
2026-01-01T00:38:54Z,2334.5,3161.677,-6.928,29.63,B
2026-01-01T00:38:55Z,2335.0,3158.468,-6.418,31.49,C
2026-01-01T00:38:55Z,2335.5,3154.561,-7.814,27.85,A
2026-01-01T00:38:56Z,2336.0,3150.934,-7.254,29.77,B
2026-01-01T00:38:56Z,2336.5,3147.703,-6.462,31.75,C
2026-01-01T00:38:57Z,2337.0,3143.636,-8.134,28.41,A
2026-01-01T00:38:57Z,2337.5,3139.862,-7.548,30.15,B
2026-01-01T00:38:58Z,2338.0,3136.516,-6.692,31.81,C
2026-01-01T00:38:58Z,2338.5,3132.373,-8.286,27.93,A
2026-01-01T00:38:59Z,2339.0,3128.807,-7.132,30.30,B
2026-01-01T00:38:59Z,2339.5,3125.377,-6.859,31.74,C
2026-01-01T00:39:00Z,2340.0,3121.088,-8.580,28.05,A
2026-01-01T00:39:00Z,2340.5,3117.400,-7.375,29.41,B
2026-01-01T00:39:01Z,2341.0,3114.118,-6.564,30.95,C
2026-01-01T00:39:01Z,2341.5,3109.876,-8.485,28.13,A
2026-01-01T00:39:02Z,2342.0,3106.108,-7.535,30.12,B
2026-01-01T00:39:02Z,2342.5,3102.811,-6.595,31.40,C
2026-01-01T00:39:03Z,2343.0,3098.476,-8.670,28.31,A
2026-01-01T00:39:03Z,2343.5,3094.631,-7.690,30.11,B
2026-01-01T00:39:04Z,2344.0,3091.205,-6.851,31.24,C
2026-01-01T00:39:04Z,2344.5,3086.929,-8.552,27.95,A
2026-01-01T00:39:05Z,2345.0,3083.065,-7.728,29.48,B
2026-01-01T00:39:05Z,2345.5,3079.688,-6.754,31.75,C
2026-01-01T00:39:06Z,2346.0,3075.244,-8.887,28.81,A
2026-01-01T00:39:06Z,2346.5,3071.309,-7.871,30.08,B
2026-01-01T00:39:07Z,2347.0,3067.712,-7.195,31.56,C
2026-01-01T00:39:07Z,2347.5,3063.248,-8.928,28.07,A
2026-01-01T00:39:08Z,2348.0,3059.235,-8.025,30.18,B
2026-01-01T00:39:08Z,2348.5,3055.718,-7.034,31.29,C
2026-01-01T00:39:09Z,2349.0,3051.229,-8.979,27.90,A
2026-01-01T00:39:09Z,2349.5,3047.061,-8.336,30.18,B
2026-01-01T00:39:10Z,2350.0,3043.425,-7.271,31.75,C
2026-01-01T00:39:10Z,2350.5,3039.058,-8.734,28.18,A
2026-01-01T00:39:11Z,2351.0,3035.022,-8.072,30.19,B
2026-01-01T00:39:11Z,2351.5,3031.283,-7.478,31.04,C
2026-01-01T00:39:12Z,2352.0,3026.701,-9.165,28.01,A
2026-01-01T00:39:12Z,2352.5,3022.625,-8.152,30.21,B
2026-01-01T00:39:13Z,2353.0,3018.843,-7.562,31.39,C
2026-01-01T00:39:13Z,2353.5,3014.338,-9.011,28.70,A
2026-01-01T00:39:14Z,2354.0,3010.056,-8.564,30.14,B
2026-01-01T00:39:14Z,2354.5,3006.419,-7.274,31.16,C
2026-01-01T00:39:15Z,2355.0,3001.867,-9.104,28.82,A
2026-01-01T00:39:15Z,2355.5,2997.577,-8.580,30.20,B
2026-01-01T00:39:16Z,2356.0,2993.767,-7.620,30.98,C
2026-01-01T00:39:16Z,2356.5,2989.112,-9.310,28.50,A
2026-01-01T00:39:17Z,2357.0,2984.891,-8.443,30.06,B
2026-01-01T00:39:17Z,2357.5,2980.943,-7.896,31.77,C
2026-01-01T00:39:18Z,2358.0,2976.303,-9.280,28.15,A
2026-01-01T00:39:18Z,2358.5,2972.163,-8.279,29.70,B
2026-01-01T00:39:19Z,2359.0,2968.318,-7.690,31.27,C
2026-01-01T00:39:19Z,2359.5,2963.578,-9.481,27.90,A
2026-01-01T00:39:20Z,2360.0,2959.218,-8.719,30.01,B
2026-01-01T00:39:20Z,2360.5,2955.288,-7.861,31.30,C
2026-01-01T00:39:21Z,2361.0,2950.644,-9.288,28.10,A
2026-01-01T00:39:21Z,2361.5,2946.289,-8.710,30.21,B
2026-01-01T00:39:22Z,2362.0,2942.298,-7.980,31.53,C
2026-01-01T00:39:22Z,2362.5,2937.430,-9.737,27.95,A
2026-01-01T00:39:23Z,2363.0,2933.121,-8.618,30.27,B
2026-01-01T00:39:23Z,2363.5,2929.111,-8.021,31.28,C
2026-01-01T00:39:24Z,2364.0,2924.349,-9.524,28.09,A
2026-01-01T00:39:24Z,2364.5,2919.830,-9.037,29.86,B
2026-01-01T00:39:25Z,2365.0,2915.771,-8.119,31.64,C
2026-01-01T00:39:25Z,2365.5,2911.100,-9.341,28.33,A
2026-01-01T00:39:26Z,2366.0,2906.705,-8.790,30.10,B
2026-01-01T00:39:26Z,2366.5,2902.817,-7.776,31.54,C
2026-01-01T00:39:27Z,2367.0,2897.993,-9.648,28.31,A
2026-01-01T00:39:27Z,2367.5,2893.439,-9.107,29.63,B
2026-01-01T00:39:28Z,2368.0,2889.244,-8.391,31.08,C
2026-01-01T00:39:28Z,2368.5,2884.522,-9.444,28.22,A
2026-01-01T00:39:29Z,2369.0,2880.171,-8.703,30.08,B
2026-01-01T00:39:29Z,2369.5,2875.963,-8.415,31.62,C
2026-01-01T00:39:30Z,2370.0,2871.086,-9.754,28.11,A
2026-01-01T00:39:30Z,2370.5,2866.744,-8.685,29.66,B
2026-01-01T00:39:31Z,2371.0,2862.782,-7.923,31.69,C
2026-01-01T00:39:31Z,2371.5,2857.846,-9.873,28.72,A
2026-01-01T00:39:32Z,2372.0,2853.278,-9.137,29.64,B
2026-01-01T00:39:32Z,2372.5,2849.308,-7.938,31.88,C
2026-01-01T00:39:33Z,2373.0,2844.458,-9.701,28.71,A
2026-01-01T00:39:33Z,2373.5,2839.955,-9.006,29.97,B
2026-01-01T00:39:34Z,2374.0,2835.972,-7.966,31.20,C
2026-01-01T00:39:34Z,2374.5,2830.948,-10.048,28.69,A
2026-01-01T00:39:35Z,2375.0,2826.531,-8.833,30.20,B
2026-01-01T00:39:35Z,2375.5,2822.243,-8.576,31.34,C
2026-01-01T00:39:36Z,2376.0,2817.172,-10.143,28.76,A
2026-01-01T00:39:36Z,2376.5,2812.732,-8.879,30.02,B
2026-01-01T00:39:37Z,2377.0,2808.432,-8.601,31.93,C
2026-01-01T00:39:37Z,2377.5,2803.553,-9.758,28.86,A
2026-01-01T00:39:38Z,2378.0,2798.910,-9.285,29.94,B
2026-01-01T00:39:38Z,2378.5,2794.598,-8.624,31.40,C
2026-01-01T00:39:39Z,2379.0,2789.775,-9.645,28.38,A
2026-01-01T00:39:39Z,2379.5,2785.269,-9.012,30.41,B
2026-01-01T00:39:40Z,2380.0,2780.952,-8.635,31.07,C
2026-01-01T00:39:40Z,2380.5,2775.965,-9.974,28.43,A
2026-01-01T00:39:41Z,2381.0,2771.421,-9.087,30.09,B
2026-01-01T00:39:41Z,2381.5,2767.251,-8.341,30.98,C
2026-01-01T00:39:42Z,2382.0,2762.248,-10.005,28.14,A
2026-01-01T00:39:42Z,2382.5,2757.807,-8.884,29.88,B
2026-01-01T00:39:43Z,2383.0,2753.714,-8.186,30.95,C
2026-01-01T00:39:43Z,2383.5,2748.587,-10.253,28.22,A
2026-01-01T00:39:44Z,2384.0,2743.862,-9.449,29.45,B
2026-01-01T00:39:44Z,2384.5,2739.557,-8.612,31.76,C
2026-01-01T00:39:45Z,2385.0,2734.707,-9.699,28.89,A
2026-01-01T00:39:45Z,2385.5,2730.019,-9.377,29.94,B
2026-01-01T00:39:46Z,2386.0,2725.917,-8.203,31.62,C
2026-01-01T00:39:46Z,2386.5,2720.955,-9.925,28.92,A
2026-01-01T00:39:47Z,2387.0,2716.365,-9.179,29.62,B
2026-01-01T00:39:47Z,2387.5,2712.134,-8.463,31.55,C
2026-01-01T00:39:48Z,2388.0,2707.073,-10.121,28.56,A
2026-01-01T00:39:48Z,2388.5,2702.522,-9.103,30.37,B
2026-01-01T00:39:49Z,2389.0,2698.249,-8.546,31.40,C
2026-01-01T00:39:49Z,2389.5,2693.156,-10.187,28.14,A
2026-01-01T00:39:50Z,2390.0,2688.557,-9.197,30.21,B
2026-01-01T00:39:50Z,2390.5,2684.261,-8.593,31.74,C
2026-01-01T00:39:51Z,2391.0,2679.195,-10.132,28.96,A
2026-01-01T00:39:51Z,2391.5,2674.746,-8.898,30.11,B
2026-01-01T00:39:52Z,2392.0,2670.602,-8.289,30.99,C
2026-01-01T00:39:52Z,2392.5,2665.582,-10.039,28.50,A
2026-01-01T00:39:53Z,2393.0,2661.039,-9.085,29.64,B
2026-01-01T00:39:53Z,2393.5,2656.809,-8.461,31.72,C
2026-01-01T00:39:54Z,2394.0,2651.835,-9.947,28.01,A
2026-01-01T00:39:54Z,2394.5,2647.364,-8.943,30.16,B
2026-01-01T00:39:55Z,2395.0,2643.042,-8.643,31.04,C
2026-01-01T00:39:55Z,2395.5,2638.110,-9.864,28.55,A
2026-01-01T00:39:56Z,2396.0,2633.390,-9.440,30.01,B
2026-01-01T00:39:56Z,2396.5,2629.200,-8.380,31.58,C
2026-01-01T00:39:57Z,2397.0,2624.128,-10.144,28.15,A
2026-01-01T00:39:57Z,2397.5,2619.419,-9.418,30.20,B
2026-01-01T00:39:58Z,2398.0,2615.287,-8.264,31.79,C
2026-01-01T00:39:58Z,2398.5,2610.208,-10.158,28.03,A
2026-01-01T00:39:59Z,2399.0,2605.553,-9.311,30.31,B
2026-01-01T00:39:59Z,2399.5,2601.539,-8.028,31.23,C
2026-01-01T00:40:00Z,2400.0,2596.620,-9.837,28.54,A
2026-01-01T00:40:00Z,2400.5,2591.992,-9.256,30.38,B
2026-01-01T00:40:01Z,2401.0,2587.815,-8.354,31.32,C
2026-01-01T00:40:01Z,2401.5,2583.037,-9.558,28.47,A
2026-01-01T00:40:02Z,2402.0,2578.520,-9.034,29.75,B
2026-01-01T00:40:02Z,2402.5,2574.422,-8.196,31.71,C
2026-01-01T00:40:03Z,2403.0,2569.601,-9.640,28.36,A
2026-01-01T00:40:03Z,2403.5,2564.980,-9.243,29.65,B
2026-01-01T00:40:04Z,2404.0,2560.938,-8.084,31.30,C
2026-01-01T00:40:04Z,2404.5,2556.177,-9.521,28.79,A
2026-01-01T00:40:05Z,2405.0,2551.807,-8.741,29.52,B
2026-01-01T00:40:05Z,2405.5,2547.630,-8.354,31.29,C
2026-01-01T00:40:06Z,2406.0,2542.748,-9.763,28.00,A
2026-01-01T00:40:06Z,2406.5,2538.385,-8.726,30.20,B
2026-01-01T00:40:07Z,2407.0,2534.345,-8.080,31.19,C
2026-01-01T00:40:07Z,2407.5,2529.433,-9.826,28.15,A
2026-01-01T00:40:08Z,2408.0,2524.901,-9.063,30.05,B
2026-01-01T00:40:08Z,2408.5,2520.813,-8.176,31.06,C
2026-01-01T00:40:09Z,2409.0,2516.098,-9.432,28.49,A
2026-01-01T00:40:09Z,2409.5,2511.602,-8.992,30.47,B
2026-01-01T00:40:10Z,2410.0,2507.663,-7.877,31.86,C
2026-01-01T00:40:10Z,2410.5,2502.814,-9.698,28.57,A
2026-01-01T00:40:11Z,2411.0,2498.530,-8.569,30.42,B
2026-01-01T00:40:11Z,2411.5,2494.502,-8.055,31.96,C
2026-01-01T00:40:12Z,2412.0,2489.682,-9.641,28.16,A
2026-01-01T00:40:12Z,2412.5,2485.201,-8.961,29.95,B
2026-01-01T00:40:13Z,2413.0,2481.147,-8.108,31.00,C
2026-01-01T00:40:13Z,2413.5,2476.525,-9.245,28.13,A
2026-01-01T00:40:14Z,2414.0,2472.211,-8.627,29.70,B
2026-01-01T00:40:14Z,2414.5,2468.399,-7.624,31.90,C
2026-01-01T00:40:15Z,2415.0,2463.773,-9.253,28.76,A
2026-01-01T00:40:15Z,2415.5,2459.391,-8.764,29.90,B
2026-01-01T00:40:16Z,2416.0,2455.457,-7.868,31.09,C
2026-01-01T00:40:16Z,2416.5,2450.696,-9.521,28.75,A
2026-01-01T00:40:17Z,2417.0,2446.309,-8.776,29.78,B
2026-01-01T00:40:17Z,2417.5,2442.469,-7.679,31.18,C
2026-01-01T00:40:18Z,2418.0,2437.882,-9.174,28.32,A
2026-01-01T00:40:18Z,2418.5,2433.613,-8.538,30.05,B
2026-01-01T00:40:19Z,2419.0,2429.764,-7.698,31.91,C
2026-01-01T00:40:19Z,2419.5,2425.131,-9.265,28.08,A
2026-01-01T00:40:20Z,2420.0,2420.945,-8.371,29.95,B
2026-01-01T00:40:20Z,2420.5,2417.104,-7.682,31.36,C
2026-01-01T00:40:21Z,2421.0,2412.660,-8.887,28.03,A
2026-01-01T00:40:21Z,2421.5,2408.391,-8.538,29.62,B
2026-01-01T00:40:22Z,2422.0,2404.593,-7.597,31.68,C
2026-01-01T00:40:22Z,2422.5,2399.984,-9.218,28.60,A
2026-01-01T00:40:23Z,2423.0,2395.971,-8.026,29.65,B
2026-01-01T00:40:23Z,2423.5,2392.296,-7.350,31.88,C
2026-01-01T00:40:24Z,2424.0,2387.938,-8.716,28.18,A
2026-01-01T00:40:24Z,2424.5,2383.785,-8.305,30.44,B
2026-01-01T00:40:25Z,2425.0,2380.250,-7.070,31.87,C
2026-01-01T00:40:25Z,2425.5,2375.929,-8.643,28.72,A
2026-01-01T00:40:26Z,2426.0,2371.761,-8.335,30.13,B
2026-01-01T00:40:26Z,2426.5,2368.081,-7.361,31.35,C
2026-01-01T00:40:27Z,2427.0,2363.777,-8.607,28.36,A
2026-01-01T00:40:27Z,2427.5,2359.860,-7.835,30.25,B
2026-01-01T00:40:28Z,2428.0,2356.146,-7.427,31.84,C
2026-01-01T00:40:28Z,2428.5,2351.914,-8.464,28.83,A
2026-01-01T00:40:29Z,2429.0,2347.848,-8.132,30.10,B
2026-01-01T00:40:29Z,2429.5,2344.201,-7.295,31.06,C
2026-01-01T00:40:30Z,2430.0,2339.752,-8.897,29.01,A
2026-01-01T00:40:30Z,2430.5,2335.886,-7.732,30.01,B
2026-01-01T00:40:31Z,2431.0,2332.525,-6.723,31.87,C
2026-01-01T00:40:31Z,2431.5,2328.330,-8.390,28.06,A
2026-01-01T00:40:32Z,2432.0,2324.435,-7.790,30.47,B
2026-01-01T00:40:32Z,2432.5,2320.963,-6.943,31.24,C
2026-01-01T00:40:33Z,2433.0,2316.693,-8.540,28.95,A
2026-01-01T00:40:33Z,2433.5,2312.754,-7.879,30.15,B
2026-01-01T00:40:34Z,2434.0,2309.261,-6.985,31.59,C
2026-01-01T00:40:34Z,2434.5,2305.142,-8.238,28.73,A
2026-01-01T00:40:35Z,2435.0,2301.521,-7.242,29.55,B
2026-01-01T00:40:35Z,2435.5,2298.098,-6.846,31.38,C
2026-01-01T00:40:36Z,2436.0,2294.070,-8.056,28.81,A
2026-01-01T00:40:36Z,2436.5,2290.272,-7.596,29.71,B
2026-01-01T00:40:37Z,2437.0,2287.089,-6.367,31.23,C
2026-01-01T00:40:37Z,2437.5,2283.078,-8.022,28.25,A
2026-01-01T00:40:38Z,2438.0,2279.413,-7.328,30.39,B
2026-01-01T00:40:38Z,2438.5,2276.206,-6.415,31.41,C
2026-01-01T00:40:39Z,2439.0,2272.155,-8.102,28.67,A
2026-01-01T00:40:39Z,2439.5,2268.461,-7.389,30.48,B
2026-01-01T00:40:40Z,2440.0,2265.281,-6.360,31.31,C
2026-01-01T00:40:40Z,2440.5,2261.305,-7.952,28.42,A
2026-01-01T00:40:41Z,2441.0,2257.918,-6.773,29.62,B
2026-01-01T00:40:41Z,2441.5,2254.905,-6.027,31.66,C
2026-01-01T00:40:42Z,2442.0,2251.158,-7.493,28.61,A
2026-01-01T00:40:42Z,2442.5,2247.746,-6.824,29.91,B
2026-01-01T00:40:43Z,2443.0,2244.687,-6.118,31.33,C
2026-01-01T00:40:43Z,2443.5,2240.853,-7.669,28.51,A
2026-01-01T00:40:44Z,2444.0,2237.586,-6.534,29.64,B
2026-01-01T00:40:44Z,2444.5,2234.724,-5.724,31.81,C
2026-01-01T00:40:45Z,2445.0,2230.902,-7.644,28.89,A
2026-01-01T00:40:45Z,2445.5,2227.449,-6.906,30.45,B
2026-01-01T00:40:46Z,2446.0,2224.580,-5.738,31.75,C
2026-01-01T00:40:46Z,2446.5,2220.985,-7.188,28.64,A
2026-01-01T00:40:47Z,2447.0,2217.672,-6.626,30.14,B
2026-01-01T00:40:47Z,2447.5,2214.953,-5.439,31.91,C
2026-01-01T00:40:48Z,2448.0,2211.342,-7.221,28.63,A
2026-01-01T00:40:48Z,2448.5,2208.194,-6.296,30.15,B
2026-01-01T00:40:49Z,2449.0,2205.468,-5.451,31.77,C
2026-01-01T00:40:49Z,2449.5,2201.888,-7.161,28.40,A
2026-01-01T00:40:50Z,2450.0,2198.798,-6.180,29.83,B
2026-01-01T00:40:50Z,2450.5,2195.925,-5.745,31.41,C
2026-01-01T00:40:51Z,2451.0,2192.450,-6.951,28.49,A
2026-01-01T00:40:51Z,2451.5,2189.314,-6.271,30.14,B
2026-01-01T00:40:52Z,2452.0,2186.534,-5.559,31.81,C
2026-01-01T00:40:52Z,2452.5,2183.069,-6.931,28.14,A
2026-01-01T00:40:53Z,2453.0,2180.037,-6.064,29.85,B
2026-01-01T00:40:53Z,2453.5,2177.565,-4.944,31.63,C
2026-01-01T00:40:54Z,2454.0,2174.318,-6.495,28.13,A
2026-01-01T00:40:54Z,2454.5,2171.511,-5.613,30.53,B
2026-01-01T00:40:55Z,2455.0,2169.058,-4.906,31.56,C
2026-01-01T00:40:55Z,2455.5,2165.727,-6.662,28.34,A
2026-01-01T00:40:56Z,2456.0,2162.885,-5.684,29.72,B
2026-01-01T00:40:56Z,2456.5,2160.499,-4.772,31.82,C
2026-01-01T00:40:57Z,2457.0,2157.130,-6.739,28.46,A
2026-01-01T00:40:57Z,2457.5,2154.221,-5.817,30.19,B
2026-01-01T00:40:58Z,2458.0,2151.697,-5.048,31.49,C
2026-01-01T00:40:58Z,2458.5,2148.514,-6.366,28.22,A
2026-01-01T00:40:59Z,2459.0,2145.875,-5.277,29.59,B
2026-01-01T00:40:59Z,2459.5,2143.707,-4.337,31.84,C
2026-01-01T00:41:00Z,2460.0,2140.741,-5.931,28.40,A
2026-01-01T00:41:00Z,2460.5,2138.160,-5.163,29.91,B
2026-01-01T00:41:01Z,2461.0,2135.843,-4.634,31.11,C
2026-01-01T00:41:01Z,2461.5,2132.756,-6.175,28.62,A
2026-01-01T00:41:02Z,2462.0,2130.185,-5.142,29.68,B
2026-01-01T00:41:02Z,2462.5,2128.024,-4.322,31.47,C
2026-01-01T00:41:03Z,2463.0,2125.033,-5.982,28.25,A
2026-01-01T00:41:03Z,2463.5,2122.399,-5.267,29.89,B
2026-01-01T00:41:04Z,2464.0,2120.310,-4.178,31.19,C
2026-01-01T00:41:04Z,2464.5,2117.544,-5.532,28.41,A
2026-01-01T00:41:05Z,2465.0,2114.991,-5.108,30.28,B
2026-01-01T00:41:05Z,2465.5,2113.095,-3.791,31.46,C
2026-01-01T00:41:06Z,2466.0,2110.427,-5.336,29.02,A
2026-01-01T00:41:06Z,2466.5,2108.036,-4.782,29.82,B
2026-01-01T00:41:07Z,2467.0,2105.990,-4.092,31.24,C
2026-01-01T00:41:07Z,2467.5,2103.230,-5.519,28.57,A
2026-01-01T00:41:08Z,2468.0,2101.089,-4.282,30.16,B
2026-01-01T00:41:08Z,2468.5,2099.180,-3.818,31.46,C
2026-01-01T00:41:09Z,2469.0,2096.699,-4.963,28.52,A
2026-01-01T00:41:09Z,2469.5,2094.559,-4.280,29.65,B
2026-01-01T00:41:10Z,2470.0,2092.828,-3.461,31.49,C
2026-01-01T00:41:10Z,2470.5,2090.203,-5.250,28.70,A
2026-01-01T00:41:11Z,2471.0,2088.206,-3.996,29.82,B
2026-01-01T00:41:11Z,2471.5,2086.475,-3.460,31.29,C
2026-01-01T00:41:12Z,2472.0,2084.022,-4.906,28.80,A
2026-01-01T00:41:12Z,2472.5,2082.084,-3.877,30.24,B
2026-01-01T00:41:13Z,2473.0,2080.528,-3.111,31.09,C
2026-01-01T00:41:13Z,2473.5,2078.283,-4.490,28.95,A
2026-01-01T00:41:14Z,2474.0,2076.370,-3.827,30.20,B
2026-01-01T00:41:14Z,2474.5,2074.858,-3.024,31.57,C
2026-01-01T00:41:15Z,2475.0,2072.442,-4.831,28.08,A
2026-01-01T00:41:15Z,2475.5,2070.442,-4.000,30.27,B
2026-01-01T00:41:16Z,2476.0,2068.968,-2.948,31.84,C
2026-01-01T00:41:16Z,2476.5,2066.619,-4.699,28.15,A
2026-01-01T00:41:17Z,2477.0,2064.736,-3.765,29.68,B
2026-01-01T00:41:17Z,2477.5,2063.360,-2.753,31.22,C
2026-01-01T00:41:18Z,2478.0,2061.372,-3.976,28.25,A
2026-01-01T00:41:18Z,2478.5,2059.565,-3.613,30.26,B
2026-01-01T00:41:19Z,2479.0,2058.247,-2.637,31.79,C
2026-01-01T00:41:19Z,2479.5,2056.055,-4.383,28.08,A
2026-01-01T00:41:20Z,2480.0,2054.578,-2.954,29.67,B
2026-01-01T00:41:20Z,2480.5,2053.475,-2.207,31.86,C
2026-01-01T00:41:21Z,2481.0,2051.433,-4.083,28.89,A
2026-01-01T00:41:21Z,2481.5,2049.793,-3.281,30.18,B
2026-01-01T00:41:22Z,2482.0,2048.553,-2.479,32.03,C
2026-01-01T00:41:22Z,2482.5,2046.639,-3.828,28.34,A
2026-01-01T00:41:23Z,2483.0,2045.106,-3.065,30.00,B
2026-01-01T00:41:23Z,2483.5,2043.962,-2.287,31.08,C
2026-01-01T00:41:24Z,2484.0,2042.050,-3.825,28.25,A
2026-01-01T00:41:24Z,2484.5,2040.728,-2.642,29.55,B
2026-01-01T00:41:25Z,2485.0,2039.915,-1.627,31.67,C
2026-01-01T00:41:25Z,2485.5,2038.294,-3.241,28.80,A
2026-01-01T00:41:26Z,2486.0,2036.907,-2.775,29.55,B
2026-01-01T00:41:26Z,2486.5,2035.915,-1.984,31.29,C
2026-01-01T00:41:27Z,2487.0,2034.183,-3.465,28.28,A
2026-01-01T00:41:27Z,2487.5,2032.898,-2.569,29.90,B
2026-01-01T00:41:28Z,2488.0,2032.024,-1.747,31.37,C
2026-01-01T00:41:28Z,2488.5,2030.396,-3.257,28.58,A
2026-01-01T00:41:29Z,2489.0,2029.180,-2.433,29.81,B
2026-01-01T00:41:29Z,2489.5,2028.548,-1.263,31.86,C
2026-01-01T00:41:30Z,2490.0,2026.994,-3.109,28.08,A
2026-01-01T00:41:30Z,2490.5,2025.854,-2.279,29.60,B
2026-01-01T00:41:31Z,2491.0,2025.142,-1.425,31.85,C
2026-01-01T00:41:31Z,2491.5,2023.772,-2.739,28.33,A
2026-01-01T00:41:32Z,2492.0,2022.868,-1.809,30.31,B
2026-01-01T00:41:32Z,2492.5,2022.300,-1.136,31.67,C
2026-01-01T00:41:33Z,2493.0,2021.054,-2.492,28.65,A
2026-01-01T00:41:33Z,2493.5,2020.234,-1.639,30.30,B
2026-01-01T00:41:34Z,2494.0,2019.921,-0.625,31.64,C
2026-01-01T00:41:34Z,2494.5,2018.738,-2.367,28.45,A
2026-01-01T00:41:35Z,2495.0,2018.108,-1.259,29.89,B
2026-01-01T00:41:35Z,2495.5,2017.880,-0.457,31.71,C
2026-01-01T00:41:36Z,2496.0,2016.844,-2.072,28.74,A
2026-01-01T00:41:36Z,2496.5,2016.204,-1.280,29.68,B
2026-01-01T00:41:37Z,2497.0,2015.894,-0.621,31.03,C
2026-01-01T00:41:37Z,2497.5,2014.768,-2.251,28.40,A
2026-01-01T00:41:38Z,2498.0,2014.223,-1.089,30.00,B
2026-01-01T00:41:38Z,2498.5,2014.136,-0.174,31.31,C
2026-01-01T00:41:39Z,2499.0,2013.317,-1.639,28.03,A
2026-01-01T00:41:39Z,2499.5,2012.929,-0.775,30.51,B
